Potential (V),Current (ÂµA)
0.0,0.002625
0.001,0.0034583334
0.002,0.005291667
0.003,0.0058750003
0.004,0.0067916666
0.005,0.00625
0.006,0.0065
0.007,0.00675
0.008,0.0070833336
0.009,0.0074583334
0.01,0.008083333
0.011,0.007833334
0.012,0.008583333
0.013,0.00875
0.014,0.009833333
0.015,0.010208334
0.016,0.0105
0.017,0.010541666
0.018,0.0098749995
0.019,0.009833333
0.02,0.009541667
0.021,0.010208334
0.022,0.010416667
0.023,0.011416666
0.024,0.012291666
0.025,0.012708332
0.026,0.012791666
0.027,0.012083333
0.028,0.012083333
0.029,0.011958334
0.03,0.012416665
0.031,0.012833334
0.032,0.013583333
0.033,0.013458334
0.034,0.0139999995
0.035,0.014666666
0.036,0.015541666
0.037,0.015916666
0.038,0.015541666
0.039,0.016083334
0.04,0.016666668
0.041,0.01625
0.042,0.017166667
0.043,0.016708335
0.044,0.017583333
0.045,0.01725
0.046,0.017666668
0.047,0.0185
0.048,0.018083334
0.049,0.0185
0.05,0.0195
0.051,0.019708334
0.052,0.020333333
0.053,0.020291666
0.054,0.021375
0.055,0.021916667
0.056,0.021333331
0.057,0.022333333
0.058,0.022375
0.059,0.023916667
0.06,0.024416665
0.061,0.024541667
0.062,0.025041664
0.063,0.025166666
0.064,0.025791667
0.065,0.026041666
0.066,0.025750002
0.067,0.025749998
0.068,0.026291668
0.069,0.027375
0.07,0.028416669
0.071,0.02775
0.072,0.027958333
0.073,0.028208332
0.074,0.029624999
0.075,0.030041667
0.076,0.030958334
0.077,0.031166667
0.078,0.03179167
0.079,0.032083333
0.08,0.032374997
0.081,0.03275
0.082,0.03358333
0.083,0.034624998
0.084,0.03533333
0.085,0.03608333
0.086,0.036458332
0.087,0.036625
0.088,0.037333332
0.089,0.037791666
0.09,0.03929167
0.091,0.03925
0.092,0.040291667
0.093,0.040708337
0.094,0.04175
0.095,0.042541668
0.096,0.04345833
0.097,0.04425
0.098,0.045124996
0.099,0.045750003
0.1,0.04741667
0.101,0.047875002
0.102,0.048375
0.103,0.04916667
0.104,0.050250005
0.105,0.051958334
0.106,0.051583335
0.107,0.052124996
0.108,0.052749995
0.109,0.05445833
0.11,0.05620833
0.111,0.05745833
0.112,0.058541667
0.113,0.058791667
0.114,0.059416667
0.115,0.060833335
0.116,0.062875
0.117,0.06404167
0.118,0.06475
0.119,0.06579167
0.12,0.066875
0.121,0.067375
0.122,0.06745834
0.123,0.06841666
0.124,0.06983334
0.125,0.07141667
0.126,0.07300001
0.127,0.07383334
0.128,0.07558334
0.129,0.076625004
0.13,0.0785
0.131,0.078999996
0.132,0.080625
0.133,0.08245833
0.134,0.084125005
0.135,0.08483333
0.136,0.086
0.137,0.087125
0.138,0.08895833
0.139,0.09041667
0.14,0.09220833
0.141,0.09437499
0.142,0.09579166
0.143,0.09729167
0.144,0.098291665
0.145,0.09970834
0.146,0.101375006
0.147,0.103125006
0.148,0.105333336
0.149,0.107375
0.15,0.10908333
0.151,0.110583335
0.152,0.11191666
0.153,0.113458335
0.154,0.11495834
0.155,0.117125
0.156,0.11879166
0.157,0.120458335
0.158,0.122041665
0.159,0.12479166
0.16,0.12725
0.161,0.13004166
0.162,0.13145833
0.163,0.133875
0.164,0.1355
0.165,0.13749999
0.166,0.13912499
0.167,0.141
0.168,0.14454167
0.169,0.14745833
0.17,0.15020834
0.171,0.152375
0.172,0.155125
0.173,0.15791667
0.174,0.160375
0.175,0.16216667
0.176,0.1645
0.177,0.16645832
0.178,0.16925001
0.179,0.17183334
0.18,0.17454167
0.181,0.17741667
0.182,0.17920832
0.183,0.182
0.184,0.18495834
0.185,0.188625
0.186,0.19166666
0.187,0.19420832
0.188,0.19720833
0.189,0.20058334
0.19,0.20375001
0.191,0.20783333
0.192,0.21045834
0.193,0.21383333
0.194,0.21608333
0.195,0.21916668
0.196,0.22204167
0.197,0.22570832
0.198,0.22933334
0.199,0.233
0.2,0.23595834
0.201,0.23925
0.202,0.24295835
0.203,0.246875
0.204,0.2517917
0.205,0.25483334
0.206,0.25866666
0.207,0.26258335
0.208,0.26754168
0.209,0.27220833
0.21,0.2747917
0.211,0.27783334
0.212,0.28154168
0.213,0.28683332
0.214,0.29191664
0.215,0.29608333
0.216,0.29970834
0.217,0.30379167
0.218,0.30875
0.219,0.31366667
0.22,0.3174167
0.221,0.32075
0.222,0.32466665
0.223,0.32975003
0.224,0.3351667
0.225,0.33991668
0.226,0.34504166
0.227,0.34945834
0.228,0.354
0.229,0.3587083
0.23,0.3634583
0.231,0.36875
0.232,0.37391666
0.233,0.37925002
0.234,0.3855833
0.235,0.39170834
0.236,0.39754167
0.237,0.403
0.238,0.40787497
0.239,0.41379166
0.24,0.4186667
0.241,0.42479166
0.242,0.43179166
0.243,0.43845832
0.244,0.44445834
0.245,0.44924998
0.246,0.45474997
0.247,0.4614167
0.248,0.46841666
0.249,0.47491667
0.25,0.48099998
0.251,0.4865
0.252,0.49408332
0.253,0.50004166
0.254,0.50795835
0.255,0.51416665
0.256,0.52141666
0.257,0.52741665
0.258,0.53449994
0.259,0.542375
0.26,0.550375
0.261,0.558125
0.262,0.56666666
0.263,0.57491666
0.264,0.5827916
0.265,0.589375
0.266,0.5955833
0.267,0.60316664
0.268,0.61062497
0.269,0.6189583
0.27,0.62833333
0.271,0.63733333
0.272,0.64729166
0.273,0.65475
0.274,0.662625
0.275,0.6696667
0.276,0.67829174
0.277,0.6878333
0.278,0.69750005
0.279,0.70691663
0.28,0.716875
0.281,0.726
0.282,0.7351666
0.283,0.7431667
0.284,0.75279164
0.285,0.7630833
0.286,0.7729583
0.287,0.7819166
0.288,0.79054165
0.289,0.8016667
0.29,0.8127083
0.291,0.823625
0.292,0.8326251
0.293,0.8425417
0.294,0.85141665
0.295,0.8632917
0.296,0.874125
0.297,0.88683337
0.298,0.8973333
0.299,0.90891665
0.3,0.91920835
0.301,0.92925
0.302,0.9390416
0.303,0.94979167
0.304,0.9614584
0.305,0.97404164
0.306,0.9856667
0.307,0.99725
0.308,1.009
0.309,1.0220833
0.31,1.0337499
0.311,1.04425
0.312,1.0535417
0.313,1.0642501
0.314,1.076375
0.315,1.0895417
0.316,1.1022917
0.317,1.1143333
0.318,1.1275417
0.319,1.1420833
0.32,1.1560417
0.321,1.1685416
0.322,1.1810417
0.323,1.1947082
0.324,1.209125
0.325,1.2228333
0.326,1.237
0.327,1.25125
0.328,1.2670833
0.329,1.2812916
0.33,1.2959167
0.331,1.308375
0.332,1.32375
0.333,1.3389584
0.334,1.3554999
0.335,1.3714584
0.336,1.3865
0.337,1.4023749
0.338,1.4163333
0.339,1.431125
0.34,1.4462916
0.341,1.4625
0.342,1.4786667
0.343,1.4940418
0.344,1.5102082
0.345,1.527125
0.346,1.5447083
0.347,1.5612917
0.348,1.5776249
0.349,1.5923333
0.35,1.6097918
0.351,1.6270417
0.352,1.6463333
0.353,1.6585001
0.354,1.6697084
0.355,1.6809167
0.356,1.6964583
0.357,1.7134584
0.358,1.7304583
0.359,1.7479167
0.36,1.7660832
0.361,1.7827916
0.362,1.7991251
0.363,1.8162917
0.364,1.8337083
0.365,1.8516666
0.366,1.8684999
0.367,1.8857499
0.368,1.9050833
0.369,1.9235001
0.37,1.9431667
0.371,1.9612917
0.372,1.97975
0.373,1.9975834
0.374,2.0153334
0.375,2.0356665
0.376,2.055625
0.377,2.0759583
0.378,2.0955
0.379,2.1149583
0.38,2.1355
0.381,2.1549165
0.382,2.1744165
0.383,2.1910417
0.384,2.2082083
0.385,2.226875
0.386,2.2467499
0.387,2.26675
0.388,2.2855415
0.389,2.3045833
0.39,2.3240833
0.391,2.3445833
0.392,2.3671253
0.393,2.3885
0.394,2.4105833
0.395,2.4315002
0.396,2.4539583
0.397,2.4761667
0.398,2.498875
0.399,2.5229168
0.4,2.5475833
0.401,2.5719583
0.402,2.5930002
0.403,2.6137502
0.404,2.6347501
0.405,2.6592085
0.406,2.6835
0.407,2.7080834
0.408,2.7327082
0.409,2.7575834
0.41,2.7832081
0.411,2.805875
0.412,2.8283749
0.413,2.8522918
0.414,2.8779583
0.415,2.9034998
0.416,2.9296668
0.417,2.95525
0.418,2.9829586
0.419,3.012
0.42,3.0422916
0.421,3.075
0.422,3.1025
0.423,3.1354167
0.424,3.1650002
0.425,3.1966667
0.426,3.2266667
0.427,3.2579167
0.428,3.2929165
0.429,3.324583
0.43,3.3495834
0.431,3.3729165
0.432,3.3991668
0.433,3.426667
0.434,3.4587498
0.435,3.4820833
0.436,3.5145833
0.437,3.5408332
0.438,3.5754166
0.439,3.60625
0.44,3.6362503
0.441,3.6658335
0.442,3.6895835
0.443,3.7170832
0.444,3.7495832
0.445,3.7908332
0.446,3.8279164
0.447,3.8604164
0.448,3.8870833
0.449,3.9220836
0.45,3.9475
0.451,3.9825
0.452,4.00875
0.453,4.0445833
0.454,4.0754166
0.455,4.108333
0.456,4.1391664
0.457,4.1654167
0.458,4.195833
0.459,4.226667
0.46,4.26375
0.461,4.2975
0.462,4.3333335
0.463,4.3641667
0.464,4.398333
0.465,4.431667
0.466,4.4666667
0.467,4.4975
0.468,4.53
0.469,4.5629163
0.47,4.5983334
0.471,4.630833
0.472,4.6633334
0.473,4.692917
0.474,4.7258334
0.475,4.7566667
0.476,4.792917
0.477,4.8283334
0.478,4.8679166
0.479,4.9079165
0.48,4.943333
0.481,4.975
0.482,5.00125
0.483,5.0362496
0.484,5.0766664
0.485,5.119583
0.486,5.1583333
0.487,5.1920834
0.488,5.2270837
0.489,5.261667
0.49,5.3025
0.491,5.3408337
0.492,5.38125
0.493,5.41375
0.494,5.4462504
0.495,5.4775004
0.496,5.515
0.497,5.5554166
0.498,5.59375
0.499,5.632084
0.5,5.6725
0.501,5.714583
0.502,5.75125
0.503,5.7845836
0.504,5.8216667
0.505,5.8583336
0.506,5.9012504
0.507,5.9441667
0.508,5.99625
0.509,6.042917
0.51,6.09125
0.511,6.1266665
0.512,6.164167
0.513,6.192917
0.514,6.230417
0.515,6.2683334
0.516,6.3174996
0.517,6.3645835
0.518,6.405
0.519,6.441666
0.52,6.483333
0.521,6.521666
0.522,6.556666
0.523,6.5916667
0.524,6.64
0.525,6.69
0.526,6.729166
0.527,6.767916
0.528,6.806667
0.529,6.8520837
0.53,6.8895836
0.531,6.9229164
0.532,6.9658337
0.533,7.009584
0.534,7.060417
0.535,7.0958333
0.536,7.1391664
0.537,7.179167
0.538,7.224167
0.539,7.2641664
0.54,7.3050003
0.541,7.347917
0.542,7.392917
0.543,7.436667
0.544,7.477083
0.545,7.513334
0.546,7.552917
0.547,7.599167
0.548,7.6474996
0.549,7.6949997
0.55,7.7391663
0.551,7.78375
0.552,7.83
0.553,7.87625
0.554,7.9170837
0.555,7.9583335
0.556,8.00125
0.557,8.04625
0.558,8.090834
0.559,8.129583
0.56,8.18
0.561,8.220833
0.562,8.274167
0.563,8.320001
0.564,8.369583
0.565,8.415833
0.566,8.452916
0.567,8.493751
0.568,8.52875
0.569,8.572917
0.57,8.615833
0.571,8.665417
0.572,8.72125
0.573,8.778333
0.574,8.825833
0.575,8.86625
0.576,8.904584
0.577,8.95
0.578,9.000833
0.579,9.049583
0.58,9.099166
0.581,9.144584
0.582,9.193749
0.583,9.235833
0.584,9.282917
0.585,9.322083
0.586,9.36625
0.587,9.404584
0.588,9.456666
0.589,9.5075
0.59,9.5575
0.591,9.608749
0.592,9.659583
0.593,9.715417
0.594,9.747917
0.595,9.790417
0.596,9.830417
0.597,9.881249
0.598,9.9262495
0.599,9.976666
0.6,10.023334
0.601,10.072083
0.602,10.116668
0.603,10.169583
0.604,10.22375
0.605,10.277916
0.606,10.329999
0.607,10.376666
0.608,10.4225
0.609,10.471666
0.61,10.520833
0.611,10.570001
0.612,10.612918
0.613,10.65875
0.614,10.705001
0.615,10.756667
0.616,10.802501
0.617,10.849584
0.618,10.902084
0.619,10.959583
0.62,11.013751
0.621,11.0575
0.622,11.099167
0.623,11.144168
0.624,11.1925
0.625,11.244166
0.626,11.294583
0.627,11.351666
0.628,11.405833
0.629,11.460834
0.63,11.501666
0.631,11.547501
0.632,11.589168
0.633,11.643333
0.634,11.695
0.635,11.755834
0.636,11.81
0.637,11.867916
0.638,11.915417
0.639,11.963333
0.64,12.009167
0.641,12.057916
0.642,12.107917
0.643,12.160417
0.644,12.210834
0.645,12.264584
0.646,12.314167
0.647,12.3654175
0.648,12.416249
0.649,12.459583
0.65,12.505417
0.651,12.552501
0.652,12.603749
0.653,12.659584
0.654,12.706666
0.655,12.763333
0.656,12.816667
0.657,12.8775
0.658,12.922917
0.659,12.967916
0.66,13.017917
0.661,13.073334
0.662,13.125834
0.663,13.174583
0.664,13.2225
0.665,13.271249
0.666,13.32375
0.667,13.3625
0.668,13.416249
0.669,13.460418
0.67,13.525001
0.671,13.577084
0.672,13.633751
0.673,13.684167
0.674,13.734584
0.675,13.791667
0.676,13.840416
0.677,13.882083
0.678,13.924167
0.679,13.977917
0.68,14.032917
0.681,14.085416
0.682,14.138751
0.683,14.200833
0.684,14.255
0.685,14.30375
0.686,14.34625
0.687,14.3966675
0.688,14.452916
0.689,14.5075
0.69,14.55875
0.691,14.609584
0.692,14.659584
0.693,14.714584
0.694,14.761666
0.695,14.811252
0.696,14.858334
0.697,14.909167
0.698,14.969583
0.699,15.03
0.7,15.087083
0.701,15.131667
0.702,15.178334
0.703,15.220834
0.704,15.274167
0.705,15.317917
0.706,15.385834
0.707,15.440417
0.708,15.500834
0.709,15.547917
0.71,15.600834
0.711,15.646251
0.712,15.68875
0.713,15.724584
0.714,15.7716675
0.715,15.820416
0.716,15.884167
0.717,15.938334
0.718,15.99875
0.719,16.060833
0.72,16.115833
0.721,16.16625
0.722,16.206667
0.723,16.25125
0.724,16.297499
0.725,16.343334
0.726,16.394167
0.727,16.440416
0.728,16.48625
0.729,16.538332
0.73,16.592083
0.731,16.6425
0.732,16.694166
0.733,16.735415
0.734,16.787083
0.735,16.834167
0.736,16.887915
0.737,16.940832
0.738,16.993334
0.739,17.050001
0.74,17.090418
0.741,17.128752
0.742,17.174168
0.743,17.235
0.744,17.300001
0.745,17.355833
0.746,17.403334
0.747,17.447916
0.748,17.494165
0.749,17.535
0.75,17.581251
0.751,17.622917
0.752,17.672499
0.753,17.71375
0.754,17.76625
0.755,17.824165
0.756,17.880415
0.757,17.941668
0.758,17.984999
0.759,18.02875
0.76,18.064165
0.761,18.114168
0.762,18.179583
0.763,18.2425
0.764,18.303751
0.765,18.348333
0.766,18.394167
0.767,18.433752
0.768,18.479584
0.769,18.522917
0.77,18.581667
0.771,18.632917
0.772,18.683332
0.773,18.72875
0.774,18.786667
0.775,18.843334
0.776,18.891666
0.777,18.92125
0.778,18.95375
0.779,18.9925
0.78,19.049583
0.781,19.102917
0.782,19.15625
0.783,19.206667
0.784,19.255833
0.785,19.302917
0.786,19.335417
0.787,19.3775
0.788,19.419167
0.789,19.467916
0.79,19.505833
0.791,19.545
0.792,19.588333
0.793,19.636665
0.794,19.685417
0.795,19.724583
0.796,19.759167
0.797,19.802084
0.798,19.845833
0.799,19.89625
0.8,19.938332
0.801,19.987917
0.802,20.03625
0.803,20.085001
0.804,20.124168
0.805,20.15625
0.806,20.189585
0.807,20.232916
0.808,20.277916
0.809,20.322083
0.81,20.373331
0.811,20.4275
0.812,20.482916
0.813,20.524166
0.814,20.5675
0.815,20.613333
0.816,20.65875
0.817,20.704168
0.818,20.742083
0.819,20.781668
0.82,20.830416
0.821,20.872084
0.822,20.915833
0.823,20.944582
0.824,20.981249
0.825,21.029167
0.826,21.0925
0.827,21.144583
0.828,21.197084
0.829,21.2325
0.83,21.284582
0.831,21.317915
0.832,21.354584
0.833,21.387085
0.834,21.428335
0.835,21.474167
0.836,21.520416
0.837,21.565
0.838,21.609583
0.839,21.650833
0.84,21.691666
0.841,21.724167
0.842,21.76625
0.843,21.81125
0.844,21.857918
0.845,21.897085
0.846,21.938751
0.847,21.982084
0.848,22.024168
0.849,22.066666
0.85,22.10708
0.851,22.142916
0.852,22.175833
0.853,22.20875
0.854,22.244583
0.855,22.280832
0.856,22.32
0.857,22.359167
0.858,22.40625
0.859,22.438334
0.86,22.470833
0.861,22.502916
0.862,22.545418
0.863,22.592916
0.864,22.6325
0.865,22.67125
0.866,22.714167
0.867,22.755835
0.868,22.792501
0.869,22.82125
0.87,22.84958
0.871,22.899164
0.872,22.939585
0.873,22.988335
0.874,23.033333
0.875,23.083334
0.876,23.131666
0.877,23.162916
0.878,23.198334
0.879,23.222502
0.88,23.262085
0.881,23.304583
0.882,23.344584
0.883,23.388334
0.884,23.421667
0.885,23.470415
0.886,23.4975
0.887,23.53125
0.888,23.559586
0.889,23.617502
0.89,23.673752
0.891,23.724167
0.892,23.755417
0.893,23.791666
0.894,23.832916
0.895,23.865835
0.896,23.894583
0.897,23.916666
0.898,23.9525
0.899,23.991667
0.9,24.03125
0.901,24.067917
0.902,24.102499
0.903,24.140417
0.904,24.188334
0.905,24.218332
0.906,24.251669
0.907,24.277084
0.908,24.323334
0.909,24.365
0.91,24.401667
0.911,24.440414
0.912,24.477915
0.913,24.519167
0.914,24.548334
0.915,24.581667
0.916,24.611252
0.917,24.643333
0.918,24.680832
0.919,24.714167
0.92,24.7475
0.921,24.783335
0.922,24.823334
0.923,24.849585
0.924,24.871666
0.925,24.893333
0.926,24.936666
0.927,24.976667
0.928,25.018333
0.929,25.0625
0.93,25.100832
0.931,25.14
0.932,25.157919
0.933,25.189165
0.934,25.219582
0.935,25.259165
0.936,25.288336
0.937,25.322916
0.938,25.356249
0.939,25.395002
0.94,25.421667
0.941,25.444168
0.942,25.472502
0.943,25.510834
0.944,25.561666
0.945,25.601667
0.946,25.642502
0.947,25.68125
0.948,25.720419
0.949,25.760834
0.95,25.783335
0.951,25.811249
0.952,25.84625
0.953,25.902502
0.954,25.9525
0.955,25.984583
0.956,26.017916
0.957,26.050835
0.958,26.085836
0.959,26.100418
0.96,26.119583
0.961,26.145416
0.962,26.189583
0.963,26.224998
0.964,26.258333
0.965,26.295416
0.966,26.330416
0.967,26.374166
0.968,26.4075
0.969,26.444582
0.97,26.466667
0.971,26.494583
0.972,26.530416
0.973,26.567083
0.974,26.60375
0.975,26.635834
0.976,26.677917
0.977,26.718332
0.978,26.749582
0.979,26.772917
0.98,26.795832
0.981,26.830833
0.982,26.880417
0.983,26.926249
0.984,26.969584
0.985,27.006666
0.986,27.039167
0.987,27.07125
0.988,27.09375
0.989,27.123749
0.99,27.152084
0.991,27.188334
0.992,27.232084
0.993,27.272085
0.994,27.3175
0.995,27.355001
0.996,27.39625
0.997,27.428751
0.998,27.454584
0.999,27.490417
1.0,27.529165
1.001,27.579996
1.002,27.639166
1.003,27.6825
1.004,27.73375
1.005,27.759165
1.006,27.789167
1.007,27.81875
1.008,27.855833
1.009,27.908333
1.01,27.9525
1.011,27.997917
1.012,28.049166
1.013,28.105417
1.014,28.150415
1.015,28.19542
1.016,28.253334
1.017,28.33875
1.018,28.410833
1.019,28.464584
1.02,28.515
1.021,28.561249
1.022,28.613749
1.023,28.656668
1.024,28.710001
1.025,28.768335
1.026,28.821249
1.027,28.885416
1.028,28.938334
1.029,28.997084
1.03,29.0475
1.031,29.102083
1.032,29.164583
1.033,29.215834
1.034,29.275415
1.035,29.336248
1.036,29.405416
1.037,29.47625
1.038,29.545
1.039,29.615835
1.04,29.679167
1.041,29.746666
1.042,29.805418
1.043,29.864584
1.044,29.925417
1.045,29.582083
1.046,29.250418
1.047,28.929167
1.048,29.029165
1.049,29.129166
1.05,29.233332
1.051,29.316666
1.052,29.4125
1.053,29.495832
1.054,29.6
1.055,29.679167
1.056,29.783333
1.057,29.891668
1.058,30.012499
1.059,30.116667
1.06,30.225
1.061,30.324999
1.062,30.420832
1.063,30.520834
1.064,30.641668
1.065,30.770834
1.066,30.89583
1.067,31.025
1.068,31.154167
1.069,31.270834
1.07,31.379168
1.071,31.483335
1.072,31.604166
1.073,31.733335
1.074,31.858335
1.075,32.00833
1.076,32.15
1.077,32.295834
1.078,32.42917
1.079,32.570835
1.08,32.74167
1.081,32.899998
1.082,33.0625
1.083,33.225002
1.084,33.404167
1.085,33.575
1.086,33.720833
1.087,33.841663
1.088,34.00417
1.089,34.166668
1.09,34.354168
1.091,34.525005
1.092,34.704166
1.093,34.891666
1.094,35.066666
1.095,35.25833
1.096,35.470833
1.097,35.662502
1.098,35.850002
1.099,36.016666
1.1,36.225002
1.101,36.412502
1.102,36.608334
1.103,36.791668
1.104,37.0125
1.105,37.24167
1.106,37.458336
1.107,37.645832
1.108,37.837498
1.109,38.066666
1.11,38.324997
1.111,38.558334
1.112,38.783337
1.113,39.020832
1.114,39.274998
1.115,39.524998
1.116,39.754166
1.117,39.983334
1.118,40.225002
1.119,40.475
1.12,40.733334
1.121,40.983334
1.122,41.241665
1.123,41.5125
1.124,41.783337
1.125,42.041668
1.126,42.291668
1.127,42.55833
1.128,42.841663
1.129,43.125
1.13,43.40833
1.131,43.7
1.132,43.99167
1.133,44.2625
1.134,44.516666
1.135,44.791668
1.136,45.100002
1.137,45.416668
1.138,45.729168
1.139,46.041668
1.14,46.337505
1.141,46.61667
1.142,46.875
1.143,47.208332
1.144,47.533337
1.145,47.870834
1.146,48.158337
1.147,48.462498
1.148,48.77917
1.149,49.108334
1.15,49.425
1.151,49.712505
1.152,49.99167
1.153,50.262497
1.154,50.5625
1.155,50.850002
1.156,51.162506
1.157,51.46667
1.158,51.774998
1.159,52.091663
1.16,52.391663
1.161,52.69583
1.162,52.962505
1.163,53.254166
1.164,53.55
1.165,53.854168
1.166,54.145832
1.167,54.42917
1.168,54.716663
1.169,54.995834
1.17,55.274998
1.171,55.55
1.172,55.858334
1.173,56.149998
1.174,56.44583
1.175,56.704166
1.176,57.00833
1.177,57.3
1.178,57.595837
1.179,57.825
1.18,58.075
1.181,58.316666
1.182,58.587498
1.183,58.8625
1.184,59.145832
1.185,59.416668
1.186,59.670834
1.187,59.925
1.188,60.166668
1.189,60.40833
1.19,60.625
1.191,60.87083
1.192,61.141663
1.193,61.404163
1.194,61.645832
1.195,61.875
1.196,62.104168
1.197,62.350002
1.198,62.579166
1.199,62.81667
1.2,63.025005
1.201,63.233337
1.202,63.470837
1.203,63.712498
1.204,63.954163
1.205,64.17916
1.206,64.3875
1.207,64.62083
1.208,64.8375
1.209,65.104164
1.21,65.325005
1.211,65.55417
1.212,65.75833
1.213,65.94583
1.214,66.15
1.215,66.325005
1.216,66.525
1.217,66.70416
1.218,66.899994
1.219,67.09583
1.22,67.2875
1.221,67.49166
1.222,67.708336
1.223,67.916664
1.224,68.12916
1.225,68.30833
1.226,68.47083
1.227,68.629166
1.228,68.81667
1.229,69.020836
1.23,69.21667
1.231,69.4
1.232,69.583336
1.233,69.791664
1.234,69.9625
1.235,70.15417
1.236,70.308334
1.237,70.49167
1.238,70.67084
1.239,70.875
1.24,71.0875
1.241,71.26667
1.242,71.43333
1.243,71.583336
1.244,71.75
1.245,71.9
1.246,72.07083
1.247,72.24167
1.248,72.441666
1.249,72.612495
1.25,72.8
1.251,72.958336
1.252,73.125
1.253,73.28333
1.254,73.450005
1.255,73.649994
1.256,73.82916
1.257,74.024994
1.258,74.200005
1.259,74.37917
1.26,74.5625
1.261,74.712494
1.262,74.86667
1.263,75.041664
1.264,75.23334
1.265,75.424995
1.266,75.55416
1.267,75.72083
1.268,75.924995
1.269,76.137505
1.27,76.370834
1.271,76.56667
1.272,76.787506
1.273,76.958336
1.274,77.13334
1.275,77.3125
1.276,77.49167
1.277,77.6875
1.278,77.89583
1.279,78.0625
1.28,78.20833
1.281,78.32499
1.282,78.504166
1.283,78.700005
1.284,78.9
1.285,79.09167
1.286,79.26667
1.287,79.458336
1.288,79.63333
1.289,79.791664
1.29,79.94583
1.291,80.10834
1.292,80.291664
1.293,80.475
1.294,80.666664
1.295,80.89167
1.296,81.07917
1.297,81.26667
1.298,81.395836
1.299,81.541664
1.3,81.691666
1.301,81.87499
1.302,82.104164
1.303,82.3375
1.304,82.57917
1.305,82.80417
1.306,83.01666
1.307,83.174995
1.308,83.32083
1.309,83.479164
1.31,83.6875
1.311,83.895836
1.312,84.09583
1.313,84.316666
1.314,84.51667
1.315,84.737495
1.316,84.895836
1.317,85.087494
1.318,85.275
1.319,85.5
1.32,85.716675
1.321,85.92084
1.322,86.145836
1.323,86.35834
1.324,86.57083
1.325,86.725
1.326,86.9125
1.327,87.12084
1.328,87.36667
1.329,87.57084
1.33,87.75
1.331,87.93334
1.332,88.14166
1.333,88.39166
1.334,88.645836
1.335,88.93333
1.336,89.17917
1.337,89.416664
1.338,89.625
1.339,89.854164
1.34,90.075005
1.341,90.30417
1.342,90.52917
1.343,90.770836
1.344,90.979164
1.345,91.1875
1.346,91.4125
1.347,91.645836
1.348,91.87917
1.349,92.1
1.35,92.3375
1.351,92.583336
1.352,92.81667
1.353,93.0375
1.354,93.25417
1.355,93.48334
1.356,93.73334
1.357,93.979164
1.358,94.237495
1.359,94.475006
1.36,94.700005
1.361,94.93334
1.362,95.19167
1.363,95.4625
1.364,95.70416
1.365,95.94583
1.366,96.225
1.367,96.51666
1.368,96.82084
1.369,97.07916
1.37,97.35
1.371,97.59167
1.372,97.833336
1.373,98.07916
1.374,98.37083
1.375,98.65
1.376,98.93333
1.377,99.17916
1.378,99.45416
1.379,99.72083
1.38,99.970825
1.381,100.23334
1.382,100.525
1.383,100.854164
1.384,101.19583
1.385,101.533325
1.386,101.89166
1.387,102.229164
1.388,102.55416
1.389,102.85
1.39,103.12917
1.391,103.42501
1.392,103.725
1.393,104.049995
1.394,104.362495
1.395,104.67083
1.396,105.00417
1.397,105.36667
1.398,105.72083
1.399,106.083336
1.4,106.412506
1.401,106.76667
1.402,107.10834
1.403,107.45416
1.404,107.84167
1.405,108.225
1.406,108.62917
1.407,108.975
1.408,109.3125
1.409,109.654175
1.41,110.02917
1.411,110.40417
1.412,110.77917
1.413,111.158325
1.414,111.575005
1.415,111.99167
1.416,112.404175
1.417,112.770836
1.418,113.11251
1.419,113.50834
1.42,113.94167
1.421,114.40833
1.422,114.86668
1.423,115.32084
1.424,115.770836
1.425,116.19167
1.426,116.60834
1.427,117.0375
1.428,117.44166
1.429,117.9
1.43,118.354164
1.431,118.85834
1.432,119.34583
1.433,119.833336
1.434,120.34167
1.435,120.845825
1.436,121.35833
1.437,121.82916
1.438,122.32083
1.439,122.85
1.44,123.399994
1.441,123.92916
1.442,124.44583
1.443,124.975
1.444,125.49167
1.445,126.01666
1.446,126.59167
1.447,127.21667
1.448,127.81667
1.449,128.40416
1.45,128.99583
1.451,129.6375
1.452,130.25833
1.453,130.85834
1.454,131.46666
1.455,132.09583
1.456,132.75
1.457,133.45
1.458,134.14166
1.459,134.85832
1.46,135.53333
1.461,136.24583
1.462,136.95
1.463,137.65417
1.464,138.3625
1.465,139.1125
1.466,139.8875
1.467,140.65833
1.468,141.43333
1.469,142.21251
1.47,143.0
1.471,143.7375
1.472,144.49165
1.473,145.25
1.474,146.09166
1.475,146.96667
1.476,147.85832
1.477,148.75832
1.478,149.65416
1.479,150.55833
1.48,151.47499
1.481,152.3875
1.482,153.33333
1.483,154.27083
1.484,155.23334
1.485,156.23332
1.486,157.25417
1.487,158.33751
1.488,159.39166
1.489,160.49583
1.49,161.54167
1.491,162.60834
1.492,163.64583
1.493,164.77916
1.494,165.92917
1.495,167.13335
1.496,168.34166
1.497,169.58751
1.498,170.87083
1.499,172.09167
1.5,173.36665
1.501,174.6125
1.502,175.94167
1.503,177.30833
1.504,178.6875
1.505,180.12917
1.506,181.53333
1.507,182.99583
1.508,184.40417
1.509,185.82916
1.51,187.29584
1.511,188.84167
1.512,190.44585
1.513,192.09583
1.514,193.74168
1.515,195.48332
1.516,197.22917
1.517,198.94165
1.518,200.61665
1.519,202.39166
1.52,204.3
1.521,206.23749
1.522,208.19165
1.523,210.16249
1.524,212.175
1.525,214.23334
1.526,216.29167
1.527,218.37085
1.528,220.52083
1.529,222.72499
1.53,225.02083
1.531,227.28749
1.532,229.64166
1.533,232.02917
1.534,234.46667
1.535,236.89583
1.536,239.42084
1.537,241.95
1.538,244.59167
1.539,247.26668
1.54,250.01666
1.541,252.89168
1.542,255.75417
1.543,258.70834
1.544,261.6417
1.545,264.61667
1.546,267.60834
1.547,270.66666
1.548,273.89584
1.549,277.24585
1.55,280.6625
1.551,284.14584
1.552,287.65
1.553,291.3375
1.554,294.91666
1.555,298.60416
1.556,302.725
1.557,306.91666
1.558,311.08334
1.559,314.79166
1.56,318.70834
1.561,322.91666
1.562,327.0
1.563,331.125
1.564,335.125
1.565,339.5
1.566,344.04166
1.567,348.79166
1.568,353.79166
1.569,358.875
1.57,364.125
1.571,369.29166
1.572,374.41666
1.573,379.75
1.574,385.29166
1.575,391.125
1.576,397.04166
1.577,403.125
1.578,409.45834
1.579,415.83334
1.58,422.33334
1.581,428.70834
1.582,435.29166
1.583,441.91666
1.584,449.16666
1.585,456.375
1.586,463.91666
1.587,471.54166
1.588,479.45834
1.589,487.58334
1.59,495.25
1.591,503.20834
1.592,511.25
1.593,520.0417
1.594,528.9167
1.595,538.1667
1.596,547.375
1.597,556.875
1.598,566.5
1.599,576.1667
1.6,586.0
1.601,596.0417
1.602,606.3333
1.603,616.875
1.604,627.625
1.605,638.6667
1.606,649.9583
1.607,661.25
1.608,672.9583
1.609,684.375
1.61,696.1667
1.611,708.125
1.612,720.6667
1.613,733.3333
1.614,746.3333
1.615,759.4167
1.616,772.875
1.617,786.4167
1.618,799.9583
1.619,813.5417
1.62,827.4583
1.621,841.9167
1.622,856.5833
1.623,871.1667
1.624,886.3333
1.625,901.75
1.626,917.7917
1.627,933.25
1.628,949.0
1.629,964.8333
1.63,981.4583
1.631,998.2083
1.632,1015.4167
1.633,1032.75
1.634,1050.625
1.635,1068.4584
1.636,1085.9584
1.637,1103.5834
1.638,1121.25
1.639,1140.0834
1.64,1159.125
1.641,1178.5416
1.642,1198.3334
1.643,1217.875
1.644,1238.0
1.645,1257.1666
1.646,1276.875
1.647,1296.6666
1.648,1317.125
1.649,1338.0416
1.65,1358.9166
1.651,1380.25
1.652,1401.625
1.653,1422.9584
1.654,1443.7084
1.655,1464.3334
1.656,1485.25
1.657,1507.3334
1.658,1529.5834
1.659,1552.2916
1.66,1575.0
1.661,1597.625
1.662,1620.4584
1.663,1642.4584
1.664,1665.2084
1.665,1687.8334
1.666,1711.3334
1.667,1735.0
1.668,1758.5416
1.669,1782.25
1.67,1805.75
1.671,1829.5416
1.672,1853.125
1.673,1875.9166
1.674,1898.9584
1.675,1922.5
1.676,1946.875
1.677,1971.3334
1.678,1995.4584
1.679,2020.0416
1.68,2044.5
1.681,2069.0
1.682,2093.0417
1.683,2117.0417
1.684,2141.4583
1.685,2165.9583
1.686,2190.7083
1.687,2215.5
1.688,2240.375
1.689,2265.2083
1.69,2289.9583
1.691,2313.9167
1.692,2337.75
1.693,2361.5417
1.694,2386.3333
1.695,2411.375
1.696,2436.4167
1.697,2461.2917
1.698,2486.0833
1.699,2510.9167
1.7,2535.0417
1.701,2558.9583
1.702,2583.25
1.703,2608.2917
1.704,2633.25
1.705,2657.875
1.706,2682.5417
1.707,2707.625
1.708,2732.625
1.709,2756.7083
1.71,2780.7917
1.711,2804.625
1.712,2829.3333
1.713,2854.0417
1.714,2878.9583
1.715,2904.1667
1.716,2929.2917
1.717,2954.5417
1.718,2978.375
1.719,3008.5
1.72,3038.625
1.721,3067.5
1.722,3091.6667
1.723,3115.8333
1.724,3143.3333
1.725,3169.1667
1.726,3190.8333
1.727,3214.1667
1.728,3235.8333
1.729,3263.3333
1.73,3285.8333
1.731,3312.5
1.732,3337.5
1.733,3364.1667
1.734,3388.3333
1.735,3413.3333
1.736,3438.3333
1.737,3460.8333
1.738,3485.8333
1.739,3509.1667
1.74,3535.0
1.741,3556.6667
1.742,3580.0
1.743,3602.5
1.744,3625.8333
1.745,3652.5
1.746,3675.8333
1.747,3700.0
1.748,3721.6667
1.749,3751.6667
1.75,3775.0
1.751,3800.0
1.752,3819.1667
1.753,3844.1667
1.754,3867.5
1.755,3890.0
1.756,3913.3333
1.757,3936.6667
1.758,3962.5
1.759,3988.3333
1.76,4010.8333
1.761,4035.0
1.762,4057.5
1.763,4083.3333
1.764,4105.8335
1.765,4130.0
1.766,4153.3335
1.767,4179.1665
1.768,4200.0
1.769,4225.0
1.77,4249.1665
1.771,4275.0
1.772,4300.8335
1.773,4322.5
1.774,4345.8335
1.775,4367.5
1.776,4392.5
1.777,4418.3335
1.778,4442.5
1.779,4466.6665
1.78,4489.1665
1.781,4513.3335
1.782,4535.0
1.783,4558.3335
1.784,4578.3335
1.785,4601.6665
1.786,4625.0
1.787,4648.3335
1.788,4671.6665
1.789,4692.5
1.79,4711.6665
1.791,4730.8335
1.792,4748.3335
1.793,4768.3335
1.794,4785.0
1.795,4806.6665
1.796,4828.3335
1.797,4852.5
1.798,4873.3335
1.799,4895.8335
1.8,4917.5
1.801,4939.1665
1.802,4959.1665
1.803,4980.8335
1.804,5002.5
1.805,5023.3335
1.806,5041.6665
1.807,5060.0
1.808,5080.8335
1.809,5101.6665
1.81,5124.1665
1.811,5144.1665
1.812,5165.8335
1.813,5186.6665
1.814,5209.1665
1.815,5228.3335
1.816,5250.8335
1.817,5271.6665
1.818,5296.6665
1.819,5316.6665
1.82,5337.5
1.821,5356.6665
1.822,5377.5
1.823,5399.1665
1.824,5420.0
1.825,5441.6665
1.826,5460.8335
1.827,5480.8335
1.828,5498.3335
1.829,5515.8335
1.83,5535.0
1.831,5559.1665
1.832,5581.6665
1.833,5601.6665
1.834,5620.0
1.835,5640.0
1.836,5662.5
1.837,5681.6665
1.838,5701.6665
1.839,5720.8335
1.84,5740.0
1.841,5760.0
1.842,5778.3335
1.843,5800.0
1.844,5819.1665
1.845,5840.0
1.846,5855.8335
1.847,5872.5
1.848,5889.1665
1.849,5909.1665
1.85,5930.0
1.851,5948.3335
1.852,5970.0
1.853,5990.0
1.854,6011.6665
1.855,6028.3335
1.856,6046.6665
1.857,6063.3335
1.858,6080.8335
1.859,6097.5
1.86,6116.6665
1.861,6134.1665
1.862,6153.3335
1.863,6170.8335
1.864,6188.3335
1.865,6201.6665
1.866,6216.6665
1.867,6233.3335
1.868,6252.5
1.869,6267.5
1.87,6280.0
1.871,6294.1665
1.872,6311.6665
1.873,6330.8335
1.874,6348.3335
1.875,6365.0
1.876,6382.5
1.877,6400.8335
1.878,6418.3335
1.879,6435.0
1.88,6449.1665
1.881,6464.1665
1.882,6477.5
1.883,6490.0
1.884,6501.6665
1.885,6517.5
1.886,6533.3335
1.887,6548.3335
1.888,6557.5
1.889,6567.5
1.89,6580.8335
1.891,6597.5
1.892,6617.5
1.893,6625.0
1.894,6620.8335
1.895,6598.3335
1.896,6572.5
1.897,6550.8335
1.898,6541.6665
1.899,6536.6665
1.9,6539.1665
1.901,6537.5
1.902,6545.8335
1.903,6550.8335
1.904,6558.3335
1.905,6555.8335
1.906,6549.1665
1.907,6538.3335
1.908,6530.8335
1.909,6529.1665
1.91,6534.1665
1.911,6542.5
1.912,6544.1665
1.913,6540.0
1.914,6531.6665
1.915,6528.3335
1.916,6527.5
1.917,6526.6665
1.918,6521.6665
1.919,6516.6665
1.92,6510.0
1.921,6502.5
1.922,6497.5
1.923,6500.8335
1.924,6503.3335
1.925,6504.1665
1.926,6502.5
1.927,6505.8335
1.928,6509.1665
1.929,6514.1665
1.93,6520.0
1.931,6523.3335
1.932,6525.8335
1.933,6532.5
1.934,6542.5
1.935,6554.1665
1.936,6560.0
1.937,6565.8335
1.938,6560.8335
1.939,6555.0
1.94,6549.1665
1.941,6545.8335
1.942,6544.1665
1.943,6543.3335
1.944,6544.1665
1.945,6550.8335
1.946,6560.8335
1.947,6579.1665
1.948,6594.1665
1.949,6605.0
1.95,6610.0
1.951,6613.3335
1.952,6619.1665
1.953,6623.3335
1.954,6621.6665
1.955,6621.6665
1.956,6624.1665
1.957,6630.8335
1.958,6631.6665
1.959,6627.5
1.96,6618.3335
1.961,6608.3335
1.962,6602.5
1.963,6598.3335
1.964,6591.6665
1.965,6583.3335
1.966,6572.5
1.967,6568.3335
1.968,6570.0
1.969,6578.3335
1.97,6590.0
1.971,6601.6665
1.972,6611.6665
1.973,6619.1665
1.974,6624.1665
1.975,6629.1665
1.976,6633.3335
1.977,6637.5
1.978,6643.3335
1.979,6646.6665
1.98,6652.5
1.981,6657.5
1.982,6662.5
1.983,6667.5
1.984,6674.1665
1.985,6683.3335
1.986,6699.1665
1.987,6714.1665
1.988,6719.1665
1.989,6716.6665
1.99,6716.6665
1.991,6722.5
1.992,6725.0
1.993,6725.8335
1.994,6730.0
1.995,6736.6665
1.996,6740.0
1.997,6748.3335
1.998,6754.1665
1.999,6765.0
2.0,6772.5005
1.999,6773.3335
1.998,6771.6665
1.997,6768.3335
1.996,6765.8335
1.995,6764.1665
1.994,6764.1665
1.993,6764.1665
1.992,6768.3335
1.991,6769.1665
1.99,6772.5
1.989,6777.5
1.988,6785.0
1.987,6790.8335
1.986,6792.5
1.985,6795.8335
1.984,6796.6665
1.983,6798.3335
1.982,6797.5
1.981,6798.3335
1.98,6796.6665
1.979,6793.3335
1.978,6795.0
1.977,6798.3335
1.976,6808.3335
1.975,6812.5
1.974,6825.0
1.973,6830.8335
1.972,6838.3335
1.971,6838.3335
1.97,6840.0
1.969,6840.8335
1.968,6842.5
1.967,6847.5
1.966,6857.5
1.965,6864.1665
1.964,6872.5
1.963,6876.6665
1.962,6883.3335
1.961,6883.3335
1.96,6882.5
1.959,6878.3335
1.958,6876.6665
1.957,6874.1665
1.956,6873.3335
1.955,6872.5
1.954,6875.8335
1.953,6879.1665
1.952,6879.1665
1.951,6873.3335
1.95,6865.8335
1.949,6863.3335
1.948,6870.0
1.947,6880.8335
1.946,6890.8335
1.945,6896.6665
1.944,6889.1665
1.943,6872.5
1.942,6844.1665
1.941,6818.3335
1.94,6791.6665
1.939,6765.8335
1.938,6740.0
1.937,6714.1665
1.936,6689.1665
1.935,6662.5
1.934,6638.3335
1.933,6611.6665
1.932,6583.3335
1.931,6554.1665
1.93,6524.1665
1.929,6498.3335
1.928,6470.0
1.927,6440.0
1.926,6408.3335
1.925,6377.5
1.924,6349.1665
1.923,6320.0
1.922,6288.3335
1.921,6258.3335
1.92,6227.5
1.919,6200.0
1.918,6170.0
1.917,6140.8335
1.916,6110.0
1.915,6079.1665
1.914,6049.1665
1.913,6020.0
1.912,5989.1665
1.911,5961.6665
1.91,5934.1665
1.909,5909.1665
1.908,5883.3335
1.907,5855.8335
1.906,5832.5
1.905,5805.8335
1.904,5779.1665
1.903,5748.3335
1.902,5719.1665
1.901,5693.3335
1.9,5665.0
1.899,5638.3335
1.898,5609.1665
1.897,5585.0
1.896,5559.1665
1.895,5536.6665
1.894,5510.0
1.893,5485.8335
1.892,5457.5
1.891,5432.5
1.89,5404.1665
1.889,5376.6665
1.888,5349.1665
1.887,5318.3335
1.886,5286.6665
1.885,5255.0
1.884,5227.5
1.883,5203.3335
1.882,5176.6665
1.881,5147.5
1.88,5118.3335
1.879,5091.6665
1.878,5067.5
1.877,5043.3335
1.876,5018.3335
1.875,4995.8335
1.874,4974.1665
1.873,4950.0
1.872,4924.1665
1.871,4895.0
1.87,4870.8335
1.869,4843.3335
1.868,4818.3335
1.867,4793.3335
1.866,4770.8335
1.865,4749.1665
1.864,4723.3335
1.863,4695.8335
1.862,4666.6665
1.861,4640.0
1.86,4615.8335
1.859,4590.8335
1.858,4563.3335
1.857,4535.8335
1.856,4509.1665
1.855,4483.3335
1.854,4456.6665
1.853,4428.3335
1.852,4401.6665
1.851,4375.0
1.85,4350.8335
1.849,4325.0
1.848,4299.1665
1.847,4274.1665
1.846,4246.6665
1.845,4220.8335
1.844,4195.8335
1.843,4171.6665
1.842,4148.3335
1.841,4120.8335
1.84,4095.0
1.839,4066.6667
1.838,4039.1667
1.837,4010.8333
1.836,3984.1667
1.835,3955.8333
1.834,3929.1667
1.833,3899.1667
1.832,3870.0
1.831,3840.0
1.83,3810.0
1.829,3782.5
1.828,3755.0
1.827,3728.3333
1.826,3700.0
1.825,3675.0
1.824,3649.1667
1.823,3621.6667
1.822,3591.6667
1.821,3562.5
1.82,3535.0
1.819,3508.3333
1.818,3482.5
1.817,3456.6667
1.816,3430.8333
1.815,3405.8333
1.814,3380.8333
1.813,3352.5
1.812,3323.3333
1.811,3294.1667
1.81,3267.5
1.809,3240.8333
1.808,3215.0
1.807,3189.1667
1.806,3161.6667
1.805,3132.5
1.804,3104.1667
1.803,3078.3333
1.802,3054.1667
1.801,3030.8333
1.8,3007.5
1.799,2982.5
1.798,2957.5
1.797,2932.5
1.796,2909.1667
1.795,2885.8333
1.794,2862.5
1.793,2838.3333
1.792,2816.6667
1.791,2796.6667
1.79,2778.3333
1.789,2755.0
1.788,2732.5
1.787,2710.8333
1.786,2690.0
1.785,2666.6667
1.784,2640.8333
1.783,2617.5
1.782,2593.3333
1.781,2570.0
1.78,2544.1667
1.779,2518.3333
1.778,2491.6667
1.777,2466.6667
1.776,2440.0
1.775,2415.0
1.774,2389.1667
1.773,2364.1667
1.772,2339.1667
1.771,2314.1667
1.77,2291.6667
1.769,2268.3333
1.768,2246.6667
1.767,2225.0
1.766,2203.3333
1.765,2181.6667
1.764,2158.3333
1.763,2135.0
1.762,2110.8333
1.761,2089.1667
1.76,2068.3333
1.759,2049.1667
1.758,2028.3334
1.757,2007.5
1.756,1987.5
1.755,1965.8334
1.754,1945.8334
1.753,1924.1666
1.752,1904.1666
1.751,1883.3334
1.75,1862.5
1.749,1842.5
1.748,1823.3334
1.747,1807.5
1.746,1790.8334
1.745,1772.5
1.744,1750.8334
1.743,1732.5
1.742,1715.8334
1.741,1699.1666
1.74,1680.0
1.739,1663.3334
1.738,1648.3334
1.737,1635.0
1.736,1617.5
1.735,1600.8334
1.734,1583.3334
1.733,1568.3334
1.732,1550.8334
1.731,1534.1666
1.73,1516.6666
1.729,1501.6666
1.728,1489.1666
1.727,1474.1666
1.726,1460.0
1.725,1440.0
1.724,1424.1666
1.723,1407.5
1.722,1392.5
1.721,1376.6666
1.72,1360.0
1.719,1344.1666
1.718,1330.0
1.717,1313.3334
1.716,1296.6666
1.715,1280.0
1.714,1265.8334
1.713,1252.5
1.712,1235.8334
1.711,1220.0
1.71,1204.1666
1.709,1190.8334
1.708,1177.5
1.707,1163.3334
1.706,1149.1666
1.705,1132.5
1.704,1119.1666
1.703,1105.8334
1.702,1093.3334
1.701,1079.1666
1.7,1065.0
1.699,1052.5
1.698,1040.8334
1.697,1027.5
1.696,1014.1667
1.695,1000.0
1.694,987.5
1.693,974.1667
1.692,960.0
1.691,947.5
1.69,934.1667
1.689,920.0
1.688,906.6667
1.687,895.0
1.686,885.0
1.685,872.5
1.684,859.1667
1.683,847.5
1.682,835.0
1.681,823.3333
1.68,809.1667
1.679,796.6667
1.678,785.0
1.677,773.3333
1.676,761.6667
1.675,750.0
1.674,740.8333
1.673,729.1667
1.672,718.3333
1.671,705.8333
1.67,695.0
1.669,682.5
1.668,671.6667
1.667,658.3333
1.666,645.8333
1.665,633.3333
1.664,623.3333
1.663,615.0
1.662,603.3333
1.661,594.1667
1.66,582.5
1.659,571.6667
1.658,560.0
1.657,549.1667
1.656,540.0
1.655,531.6667
1.654,523.3333
1.653,515.0
1.652,504.16666
1.651,490.83334
1.65,480.0
1.649,470.0
1.648,463.33334
1.647,452.5
1.646,442.5
1.645,433.33334
1.644,424.16666
1.643,415.83334
1.642,406.66666
1.641,400.0
1.64,392.5
1.639,384.16666
1.638,375.83334
1.637,367.5
1.636,360.83334
1.635,353.33334
1.634,346.66666
1.633,336.66666
1.632,328.33334
1.631,320.0
1.63,315.0
1.629,307.5
1.628,301.66666
1.627,295.0
1.626,287.5
1.625,278.33334
1.624,270.83334
1.623,265.83334
1.622,260.0
1.621,252.5
1.62,247.5
1.619,242.5
1.618,238.33333
1.617,231.66667
1.616,225.83333
1.615,218.33333
1.614,211.66667
1.613,205.83333
1.612,200.83333
1.611,196.66667
1.61,191.66667
1.609,185.83333
1.608,180.0
1.607,175.83333
1.606,174.16667
1.605,170.83333
1.604,165.83333
1.603,160.83333
1.602,155.83333
1.601,152.5
1.6,150.0
1.599,147.5
1.598,143.33333
1.597,136.66667
1.596,131.66667
1.595,127.5
1.594,126.666664
1.593,125.0
1.592,122.5
1.591,119.166664
1.59,115.0
1.589,112.5
1.588,107.5
1.587,105.833336
1.586,103.333336
1.585,101.666664
1.584,97.5
1.583,94.166664
1.582,90.833336
1.581,89.166664
1.58,87.5
1.579,85.833336
1.578,83.333336
1.577,80.0
1.576,77.5
1.575,74.166664
1.574,70.833336
1.573,69.166664
1.572,68.333336
1.571,67.5
1.57,65.833336
1.569,65.0
1.568,63.333332
1.567,62.5
1.566,60.833332
1.565,59.166668
1.564,54.166668
1.563,51.666668
1.562,50.0
1.561,49.166668
1.56,48.333332
1.559,46.666668
1.558,45.833332
1.557,44.166668
1.556,42.5
1.555,40.833332
1.554,39.166668
1.553,39.166668
1.552,37.5
1.551,36.666668
1.55,33.333332
1.549,33.333332
1.548,30.833334
1.547,31.666666
1.546,30.0
1.545,30.833334
1.544,30.0
1.543,30.0
1.542,27.5
1.541,25.833334
1.54,24.166666
1.539,24.166666
1.538,22.5
1.537,21.666666
1.536,20.0
1.535,20.0
1.534,20.0
1.533,18.333334
1.532,17.5
1.531,16.666666
1.53,16.666666
1.529,16.666666
1.528,15.833333
1.527,16.666666
1.526,15.0
1.525,14.166667
1.524,11.666667
1.523,13.333333
1.522,14.166667
1.521,15.0
1.52,13.333333
1.519,11.666667
1.518,11.666667
1.517,10.833333
1.516,11.666667
1.515,11.666667
1.514,12.5
1.513,10.833333
1.512,9.166667
1.511,8.333333
1.51,8.333333
1.509,9.166667
1.508,8.333333
1.507,8.333333
1.506,7.5
1.505,5.8333335
1.504,5.0
1.503,3.3333333
1.502,5.0
1.501,5.0
1.5,5.0
1.499,4.1666665
1.498,4.1666665
1.497,4.1666665
1.496,4.1666665
1.495,4.1666665
1.494,3.3333333
1.493,2.5
1.492,1.6666666
1.491,1.6666666
1.49,0.8333333
1.489,0.0
1.488,0.0
1.487,-0.8333333
1.486,0.0
1.485,0.8333333
1.484,2.5
1.483,1.6666666
1.482,0.8333333
1.481,0.0
1.48,0.0
1.479,0.0
1.478,0.8333333
1.477,0.8333333
1.476,1.6666666
1.475,1.6666666
1.474,1.6666666
1.473,0.8333333
1.472,0.0
1.471,0.0
1.47,0.0
1.469,0.0
1.468,1.6666666
1.467,1.6666666
1.466,1.6666666
1.465,0.0
1.464,0.0
1.463,0.0
1.462,0.0
1.461,-1.6666666
1.46,-1.6666666
1.459,-2.5
1.458,-0.8333333
1.457,-1.6666666
1.456,0.0
1.455,-1.6666666
1.454,-1.6666666
1.453,-4.1666665
1.452,-4.1666665
1.451,-4.1666665
1.45,-2.5
1.449,-1.6666666
1.448,-1.6666666
1.447,-2.5
1.446,-3.3333333
1.445,-3.3333333
1.444,-3.3333333
1.443,-2.5
1.442,-2.5
1.441,-1.6666666
1.44,-1.6666666
1.439,-0.8333333
1.438,-1.6666666
1.437,-2.5
1.436,-4.1666665
1.435,-4.1666665
1.434,-2.5
1.433,-0.8333333
1.432,-1.6666666
1.431,-4.1666665
1.43,-6.6666665
1.429,-5.8333335
1.428,-5.0
1.427,-3.3333333
1.426,-2.5
1.425,-1.6666666
1.424,-1.6666666
1.423,-1.6666666
1.422,-1.6666666
1.421,-1.6666666
1.42,-2.5
1.419,-3.3333333
1.418,-5.0
1.417,-5.8333335
1.416,-6.6666665
1.415,-6.6666665
1.414,-6.6666665
1.413,-5.8333335
1.412,-5.0
1.411,-4.1666665
1.41,-4.1666665
1.409,-4.1666665
1.408,-5.0
1.407,-5.0
1.406,-1.6666666
1.405,-1.6666666
1.404,-1.6666666
1.403,-4.1666665
1.402,-4.1666665
1.401,-5.0
1.4,-6.6666665
1.399,-6.6666665
1.398,-5.0
1.397,-5.0
1.396,-5.8333335
1.395,-6.6666665
1.394,-5.8333335
1.393,-5.0
1.392,-5.0
1.391,-5.0
1.39,-5.0
1.389,-5.8333335
1.388,-6.6666665
1.387,-6.6666665
1.386,-4.1666665
1.385,-3.3333333
1.384,-5.0
1.383,-6.6666665
1.382,-7.5
1.381,-5.8333335
1.38,-5.8333335
1.379,-5.0
1.378,-5.0
1.377,-3.3333333
1.376,-3.3333333
1.375,-3.3333333
1.374,-5.8333335
1.373,-5.8333335
1.372,-5.0
1.371,-4.1666665
1.37,-2.5
1.369,-3.3333333
1.368,-2.5
1.367,-3.3333333
1.366,-3.3333333
1.365,-5.0
1.364,-5.0
1.363,-5.8333335
1.362,-5.8333335
1.361,-6.6666665
1.36,-6.6666665
1.359,-6.6666665
1.358,-7.5
1.357,-5.8333335
1.356,-5.8333335
1.355,-6.6666665
1.354,-8.333333
1.353,-8.333333
1.352,-8.333333
1.351,-7.5
1.35,-6.6666665
1.349,-5.8333335
1.348,-5.8333335
1.347,-5.8333335
1.346,-5.8333335
1.345,-7.5
1.344,-7.5
1.343,-6.6666665
1.342,-5.0
1.341,-5.0
1.34,-6.6666665
1.339,-5.8333335
1.338,-6.6666665
1.337,-5.8333335
1.336,-7.5
1.335,-7.5
1.334,-7.5
1.333,-7.5
1.332,-7.5
1.331,-7.5
1.33,-5.8333335
1.329,-5.0
1.328,-5.0
1.327,-6.6666665
1.326,-6.6666665
1.325,-6.6666665
1.324,-6.6666665
1.323,-8.333333
1.322,-8.333333
1.321,-8.333333
1.32,-7.5
1.319,-7.5
1.318,-5.0
1.317,-5.8333335
1.316,-6.6666665
1.315,-10.0
1.314,-8.333333
1.313,-7.5
1.312,-6.6666665
1.311,-7.5
1.31,-7.5
1.309,-7.5
1.308,-10.0
1.307,-10.833333
1.306,-11.666667
1.305,-10.0
1.304,-9.166667
1.303,-8.333333
1.302,-7.5
1.301,-7.5
1.3,-6.6666665
1.299,-6.6666665
1.298,-5.8333335
1.297,-5.0
1.296,-4.1666665
1.295,-5.0
1.294,-5.8333335
1.293,-6.6666665
1.292,-6.6666665
1.291,-5.8333335
1.29,-5.8333335
1.289,-6.6666665
1.288,-8.333333
1.287,-8.333333
1.286,-8.333333
1.285,-8.333333
1.284,-8.333333
1.283,-8.333333
1.282,-6.6666665
1.281,-5.8333335
1.28,-4.1666665
1.279,-5.8333335
1.278,-7.5
1.277,-7.5
1.276,-8.333333
1.275,-8.333333
1.274,-9.166667
1.273,-7.5
1.272,-6.6666665
1.271,-6.6666665
1.27,-7.5
1.269,-8.333333
1.268,-9.166667
1.267,-9.166667
1.266,-8.333333
1.265,-7.5
1.264,-7.5
1.263,-8.333333
1.262,-9.166667
1.261,-9.166667
1.26,-9.166667
1.259,-9.166667
1.258,-9.166667
1.257,-8.333333
1.256,-6.6666665
1.255,-7.5
1.254,-6.6666665
1.253,-6.6666665
1.252,-6.6666665
1.251,-7.5
1.25,-8.333333
1.249,-9.166667
1.248,-10.0
1.247,-8.333333
1.246,-6.6666665
1.245,-6.6666665
1.244,-9.166667
1.243,-9.166667
1.242,-9.166667
1.241,-8.333333
1.24,-9.166667
1.239,-10.0
1.238,-10.0
1.237,-9.166667
1.236,-8.333333
1.235,-8.333333
1.234,-7.5
1.233,-7.5
1.232,-7.5
1.231,-8.333333
1.23,-8.333333
1.229,-9.166667
1.228,-8.333333
1.227,-8.333333
1.226,-6.6666665
1.225,-6.6666665
1.224,-5.8333335
1.223,-6.6666665
1.222,-8.333333
1.221,-8.333333
1.22,-9.166667
1.219,-9.166667
1.218,-10.0
1.217,-9.166667
1.216,-9.166667
1.215,-7.5
1.214,-7.5
1.213,-5.0
1.212,-6.6666665
1.211,-6.6666665
1.21,-8.333333
1.209,-7.5
1.208,-7.5
1.207,-7.5
1.206,-8.333333
1.205,-10.0
1.204,-10.833333
1.203,-9.166667
1.202,-6.6666665
1.201,-5.8333335
1.2,-5.8333335
1.199,-7.5
1.198,-5.8333335
1.197,-7.5
1.196,-6.6666665
1.195,-8.333333
1.194,-7.5
1.193,-7.5
1.192,-8.333333
1.191,-7.5
1.19,-9.166667
1.189,-9.166667
1.188,-10.0
1.187,-8.333333
1.186,-8.333333
1.185,-9.166667
1.184,-9.166667
1.183,-9.166667
1.182,-8.333333
1.181,-9.166667
1.18,-8.333333
1.179,-9.166667
1.178,-7.5
1.177,-6.6666665
1.176,-6.6666665
1.175,-8.333333
1.174,-9.166667
1.173,-8.333333
1.172,-8.333333
1.171,-9.166667
1.17,-9.166667
1.169,-10.0
1.168,-9.166667
1.167,-9.166667
1.166,-8.333333
1.165,-9.166667
1.164,-10.0
1.163,-8.333333
1.162,-8.333333
1.161,-8.333333
1.16,-10.0
1.159,-10.0
1.158,-10.0
1.157,-10.0
1.156,-9.166667
1.155,-7.5
1.154,-6.6666665
1.153,-5.8333335
1.152,-7.5
1.151,-8.333333
1.15,-8.333333
1.149,-7.5
1.148,-7.5
1.147,-9.166667
1.146,-9.166667
1.145,-8.333333
1.144,-9.166667
1.143,-10.0
1.142,-10.0
1.141,-10.0
1.14,-10.0
1.139,-10.833333
1.138,-10.0
1.137,-9.166667
1.136,-9.166667
1.135,-9.166667
1.134,-10.0
1.133,-10.0
1.132,-9.166667
1.131,-7.5
1.13,-8.333333
1.129,-10.0
1.128,-11.666667
1.127,-10.833333
1.126,-6.6666665
1.125,-6.6666665
1.124,-5.8333335
1.123,-9.166667
1.122,-8.333333
1.121,-8.333333
1.12,-7.5
1.119,-8.333333
1.118,-7.5
1.117,-7.5
1.116,-7.5
1.115,-9.166667
1.114,-9.166667
1.113,-8.333333
1.112,-6.6666665
1.111,-7.5
1.11,-7.5
1.109,-8.333333
1.108,-8.333333
1.107,-9.166667
1.106,-8.333333
1.105,-8.333333
1.104,-6.6666665
1.103,-6.6666665
1.102,-5.8333335
1.101,-6.6666665
1.1,-7.5
1.099,-7.5
1.098,-8.333333
1.097,-7.5
1.096,-8.333333
1.095,-7.5
1.094,-8.333333
1.093,-8.333333
1.092,-8.333333
1.091,-7.5
1.09,-7.5
1.089,-7.5
1.088,-9.166667
1.087,-9.166667
1.086,-9.166667
1.085,-8.333333
1.084,-7.5
1.083,-7.5
1.082,-7.5
1.081,-8.333333
1.08,-8.333333
1.079,-9.166667
1.078,-9.166667
1.077,-10.833333
1.076,-10.833333
1.075,-10.0
1.074,-8.333333
1.073,-8.333333
1.072,-9.166667
1.071,-10.833333
1.07,-10.833333
1.069,-9.166667
1.068,-7.5
1.067,-7.5
1.066,-10.0
1.065,-9.166667
1.064,-10.0
1.063,-6.6666665
1.062,-8.333333
1.061,-5.8333335
1.06,-8.333333
1.059,-9.166667
1.058,-10.0
1.057,-8.333333
1.056,-7.5
1.055,-7.5
1.054,-9.166667
1.053,-8.333333
1.052,-9.166667
1.051,-8.333333
1.05,-8.333333
1.049,-8.333333
1.048,-9.166667
1.047,-9.166667
1.046,-8.333333
1.045,-6.6666665
1.044,-6.6666665
1.043,-7.5
1.042,-9.166667
1.041,-10.833333
1.04,-8.333333
1.039,-7.5
1.038,-5.8333335
1.037,-7.5
1.036,-7.5
1.035,-7.5
1.034,-8.333333
1.033,-5.8333335
1.032,-5.8333335
1.031,-5.0
1.03,-8.333333
1.029,-8.333333
1.028,-9.166667
1.027,-8.333333
1.026,-9.166667
1.025,-9.166667
1.024,-9.166667
1.023,-8.333333
1.022,-7.5
1.021,-8.333333
1.02,-9.166667
1.019,-9.166667
1.018,-8.333333
1.017,-8.333333
1.016,-9.166667
1.015,-8.333333
1.014,-8.333333
1.013,-7.5
1.012,-9.166667
1.011,-9.166667
1.01,-9.166667
1.009,-8.333333
1.008,-8.333333
1.007,-10.0
1.006,-10.833333
1.005,-10.0
1.004,-8.333333
1.003,-5.8333335
1.002,-5.8333335
1.001,-6.6666665
1.0,-6.6666665
0.999,-7.5
0.998,-6.6666665
0.997,-10.0
0.996,-10.0
0.995,-10.0
0.994,-8.333333
0.993,-9.166667
0.992,-10.0
0.991,-10.833333
0.99,-10.0
0.989,-10.0
0.988,-7.5
0.987,-6.6666665
0.986,-6.6666665
0.985,-8.333333
0.984,-9.166667
0.983,-9.166667
0.982,-9.166667
0.981,-9.166667
0.98,-10.0
0.979,-10.0
0.978,-8.333333
0.977,-7.5
0.976,-9.166667
0.975,-11.666667
0.974,-11.666667
0.973,-11.666667
0.972,-10.833333
0.971,-10.833333
0.97,-10.833333
0.969,-11.666667
0.968,-10.833333
0.967,-9.166667
0.966,-8.333333
0.965,-9.166667
0.964,-9.166667
0.963,-9.166667
0.962,-9.166667
0.961,-10.0
0.96,-8.333333
0.959,-7.5
0.958,-6.6666665
0.957,-8.333333
0.956,-9.166667
0.955,-10.0
0.954,-9.166667
0.953,-9.166667
0.952,-9.166667
0.951,-10.0
0.95,-9.166667
0.949,-9.166667
0.948,-8.333333
0.947,-9.166667
0.946,-7.5
0.945,-8.333333
0.944,-8.333333
0.943,-10.833333
0.942,-10.0
0.941,-10.0
0.94,-8.333333
0.939,-9.166667
0.938,-10.0
0.937,-10.833333
0.936,-10.833333
0.935,-9.166667
0.934,-8.333333
0.933,-7.5
0.932,-9.166667
0.931,-9.166667
0.93,-9.166667
0.929,-8.333333
0.928,-9.166667
0.927,-11.666667
0.926,-11.666667
0.925,-11.666667
0.924,-8.333333
0.923,-8.333333
0.922,-8.333333
0.921,-10.0
0.92,-10.0
0.919,-10.0
0.918,-10.0
0.917,-10.0
0.916,-10.0
0.915,-10.0
0.914,-10.0
0.913,-10.0
0.912,-7.5
0.911,-7.5
0.91,-7.5
0.909,-10.0
0.908,-10.0
0.907,-10.0
0.906,-10.0
0.905,-10.833333
0.904,-10.833333
0.903,-10.833333
0.902,-11.666667
0.901,-11.666667
0.9,-10.0
0.899,-8.333333
0.898,-8.333333
0.897,-10.0
0.896,-10.0
0.895,-10.0
0.894,-10.833333
0.893,-9.166667
0.892,-10.0
0.891,-9.166667
0.89,-10.833333
0.889,-10.0
0.888,-10.0
0.887,-10.833333
0.886,-10.833333
0.885,-10.833333
0.884,-10.0
0.883,-10.0
0.882,-12.5
0.881,-10.833333
0.88,-11.666667
0.879,-9.166667
0.878,-10.0
0.877,-9.166667
0.876,-9.166667
0.875,-10.833333
0.874,-11.666667
0.873,-10.833333
0.872,-10.0
0.871,-9.166667
0.87,-10.0
0.869,-9.166667
0.868,-9.166667
0.867,-10.0
0.866,-11.666667
0.865,-13.333333
0.864,-11.666667
0.863,-10.0
0.862,-8.333333
0.861,-9.166667
0.86,-10.0
0.859,-10.0
0.858,-10.0
0.857,-10.0
0.856,-10.0
0.855,-10.0
0.854,-10.0
0.853,-10.0
0.852,-10.0
0.851,-10.0
0.85,-10.0
0.849,-9.166667
0.848,-9.166667
0.847,-8.333333
0.846,-9.166667
0.845,-9.166667
0.844,-10.833333
0.843,-11.666667
0.842,-11.666667
0.841,-10.833333
0.84,-10.0
0.839,-10.0
0.838,-10.0
0.837,-10.833333
0.836,-10.833333
0.835,-10.833333
0.834,-10.0
0.833,-10.833333
0.832,-10.833333
0.831,-10.833333
0.83,-10.0
0.829,-10.0
0.828,-10.0
0.827,-9.166667
0.826,-10.0
0.825,-10.0
0.824,-11.666667
0.823,-13.333333
0.822,-14.166667
0.821,-13.333333
0.82,-11.666667
0.819,-13.333333
0.818,-13.333333
0.817,-12.5
0.816,-10.0
0.815,-10.0
0.814,-10.833333
0.813,-11.666667
0.812,-11.666667
0.811,-10.833333
0.81,-10.0
0.809,-10.0
0.808,-10.833333
0.807,-12.5
0.806,-12.5
0.805,-11.666667
0.804,-8.333333
0.803,-8.333333
0.802,-8.333333
0.801,-10.833333
0.8,-11.666667
0.799,-10.833333
0.798,-10.0
0.797,-9.166667
0.796,-10.0
0.795,-7.5
0.794,-6.6666665
0.793,-8.333333
0.792,-12.5
0.791,-13.333333
0.79,-12.5
0.789,-10.833333
0.788,-11.666667
0.787,-11.666667
0.786,-11.666667
0.785,-10.833333
0.784,-10.833333
0.783,-10.0
0.782,-10.0
0.781,-10.833333
0.78,-11.666667
0.779,-12.5
0.778,-11.666667
0.777,-11.666667
0.776,-12.5
0.775,-12.5
0.774,-12.5
0.773,-12.5
0.772,-13.333333
0.771,-14.166667
0.77,-13.333333
0.769,-12.5
0.768,-9.166667
0.767,-10.833333
0.766,-10.0
0.765,-13.333333
0.764,-12.5
0.763,-14.166667
0.762,-15.833333
0.761,-15.833333
0.76,-15.833333
0.759,-15.0
0.758,-15.0
0.757,-15.0
0.756,-14.166667
0.755,-15.0
0.754,-15.0
0.753,-15.833333
0.752,-14.166667
0.751,-14.166667
0.75,-14.166667
0.749,-14.166667
0.748,-13.333333
0.747,-13.333333
0.746,-15.0
0.745,-15.833333
0.744,-15.833333
0.743,-14.166667
0.742,-13.333333
0.741,-14.166667
0.74,-15.833333
0.739,-16.666666
0.738,-16.666666
0.737,-14.166667
0.736,-13.333333
0.735,-13.333333
0.734,-16.666666
0.733,-18.333334
0.732,-18.333334
0.731,-16.666666
0.73,-15.833333
0.729,-15.833333
0.728,-16.666666
0.727,-17.5
0.726,-15.833333
0.725,-14.166667
0.724,-14.166667
0.723,-15.833333
0.722,-16.666666
0.721,-16.666666
0.72,-16.666666
0.719,-17.5
0.718,-18.333334
0.717,-19.166666
0.716,-20.0
0.715,-20.0
0.714,-19.166666
0.713,-17.5
0.712,-16.666666
0.711,-17.5
0.71,-16.666666
0.709,-16.666666
0.708,-17.5
0.707,-20.833334
0.706,-19.999998
0.705,-19.166666
0.704,-17.5
0.703,-19.166666
0.702,-20.0
0.701,-21.666666
0.7,-23.333334
0.699,-23.333334
0.698,-23.333334
0.697,-21.666666
0.696,-23.333334
0.695,-23.333334
0.694,-24.166666
0.693,-23.333334
0.692,-24.166666
0.691,-25.833334
0.69,-25.833334
0.689,-25.0
0.688,-24.166666
0.687,-25.0
0.686,-26.666666
0.685,-26.666666
0.684,-26.666666
0.683,-26.666666
0.682,-25.833334
0.681,-25.0
0.68,-25.0
0.679,-26.666666
0.678,-27.5
0.677,-27.5
0.676,-28.333334
0.675,-30.0
0.674,-31.666666
0.673,-32.5
0.672,-32.5
0.671,-33.333332
0.67,-32.5
0.669,-33.333332
0.668,-31.666666
0.667,-32.5
0.666,-32.5
0.665,-34.166668
0.664,-35.833332
0.663,-36.666668
0.662,-37.5
0.661,-39.166668
0.66,-39.166668
0.659,-40.0
0.658,-37.5
0.657,-40.0
0.656,-40.833332
0.655,-43.333332
0.654,-42.500004
0.653,-44.166668
0.652,-44.166668
0.651,-45.833332
0.65,-45.833332
0.649,-47.5
0.648,-47.5
0.647,-49.166668
0.646,-50.0
0.645,-51.666668
0.644,-50.0
0.643,-51.666668
0.642,-51.666668
0.641,-54.166668
0.64,-55.833332
0.639,-57.5
0.638,-58.333332
0.637,-59.166668
0.636,-60.0
0.635,-63.333332
0.634,-65.0
0.633,-68.333336
0.632,-69.166664
0.631,-70.0
0.63,-71.666664
0.629,-72.5
0.628,-73.333336
0.627,-74.166664
0.626,-75.833336
0.625,-78.333336
0.624,-82.5
0.623,-82.5
0.622,-84.166664
0.621,-84.166664
0.62,-87.5
0.619,-90.833336
0.618,-93.333336
0.617,-96.666664
0.616,-98.333336
0.615,-99.166664
0.614,-102.5
0.613,-105.0
0.612,-108.333336
0.611,-109.166664
0.61,-112.5
0.609,-114.166664
0.608,-117.5
0.607,-120.833336
0.606,-125.833336
0.605,-130.0
0.604,-132.5
0.603,-135.83333
0.602,-138.33333
0.601,-143.33333
0.6,-147.5
0.599,-151.66667
0.598,-154.16667
0.597,-156.66667
0.596,-161.66667
0.595,-165.0
0.594,-170.83333
0.593,-174.16667
0.592,-180.0
0.591,-184.16667
0.59,-191.66667
0.589,-197.5
0.588,-202.5
0.587,-205.83333
0.586,-210.0
0.585,-215.83333
0.584,-221.66667
0.583,-225.83333
0.582,-230.0
0.581,-235.0
0.58,-240.0
0.579,-247.5
0.578,-253.33333
0.577,-260.0
0.576,-263.33334
0.575,-268.33334
0.574,-275.0
0.573,-281.66666
0.572,-288.33334
0.571,-294.16666
0.57,-300.83334
0.569,-304.16666
0.568,-308.33334
0.567,-312.5
0.566,-318.33334
0.565,-323.33334
0.564,-326.66666
0.563,-331.66666
0.562,-335.83334
0.561,-340.83334
0.56,-344.16666
0.559,-347.5
0.558,-350.83334
0.557,-355.0
0.556,-360.83334
0.555,-365.83334
0.554,-370.0
0.553,-372.5
0.552,-374.16666
0.551,-377.5
0.55,-379.16666
0.549,-381.66666
0.548,-382.5
0.547,-385.0
0.546,-389.16666
0.545,-391.66666
0.544,-395.0
0.543,-397.5
0.542,-402.5
0.541,-406.66666
0.54,-409.16666
0.539,-414.16666
0.538,-418.33334
0.537,-423.33334
0.536,-424.16666
0.535,-428.33334
0.534,-433.33334
0.533,-439.16666
0.532,-440.83334
0.531,-443.33334
0.53,-445.0
0.529,-447.5
0.528,-448.33334
0.527,-450.83334
0.526,-452.5
0.525,-455.0
0.524,-457.5
0.523,-460.0
0.522,-461.66666
0.521,-462.5
0.52,-464.16666
0.519,-465.83334
0.518,-467.5
0.517,-469.16666
0.516,-470.83334
0.515,-470.0
0.514,-472.5
0.513,-472.5
0.512,-475.83334
0.511,-474.16666
0.51,-475.0
0.509,-475.0
0.508,-478.33334
0.507,-479.16666
0.506,-479.16666
0.505,-480.0
0.504,-481.66666
0.503,-484.16666
0.502,-483.33334
0.501,-486.66666
0.5,-486.66666
0.499,-490.83334
0.498,-492.5
0.497,-497.5
0.496,-500.0
0.495,-502.5
0.494,-504.16666
0.493,-505.83334
0.492,-507.5
0.491,-509.16666
0.49,-510.83334
0.489,-512.5
0.488,-515.0
0.487,-517.5
0.486,-520.8333
0.485,-520.8333
0.484,-519.1667
0.483,-515.8333
0.482,-514.1667
0.481,-514.1667
0.48,-510.83334
0.479,-510.0
0.478,-506.66666
0.477,-504.16666
0.476,-498.33334
0.475,-492.5
0.474,-489.16666
0.473,-482.5
0.472,-476.66666
0.471,-468.33334
0.47,-460.83334
0.469,-451.66666
0.468,-442.5
0.467,-434.16666
0.466,-425.83334
0.465,-415.83334
0.464,-404.16666
0.463,-390.83334
0.462,-377.5
0.461,-365.83334
0.46,-353.33334
0.459,-342.5
0.458,-329.16666
0.457,-317.5
0.456,-302.5
0.455,-290.83334
0.454,-276.66666
0.453,-265.0
0.452,-250.0
0.451,-237.5
0.45,-225.0
0.449,-215.83333
0.448,-205.0
0.447,-192.5
0.446,-181.66667
0.445,-169.16667
0.444,-160.0
0.443,-150.83333
0.442,-145.0
0.441,-139.16667
0.44,-132.5
0.439,-125.833336
0.438,-119.166664
0.437,-114.166664
0.436,-109.166664
0.435,-105.0
0.434,-99.166664
0.433,-96.666664
0.432,-92.5
0.431,-90.833336
0.43,-89.166664
0.429,-88.333336
0.428,-85.0
0.427,-81.666664
0.426,-80.0
0.425,-78.333336
0.424,-75.0
0.423,-73.333336
0.422,-72.5
0.421,-72.5
0.42,-71.666664
0.419,-69.166664
0.418,-69.166664
0.417,-67.5
0.416,-67.5
0.415,-65.0
0.414,-63.333332
0.413,-61.666668
0.412,-60.0
0.411,-58.333332
0.41,-57.5
0.409,-57.5
0.408,-55.833332
0.407,-53.333332
0.406,-51.666668
0.405,-50.833332
0.404,-51.666668
0.403,-50.0
0.402,-49.166668
0.401,-47.5
0.4,-45.833332
0.399,-45.0
0.398,-42.5
0.397,-43.333332
0.396,-42.5
0.395,-42.5
0.394,-42.5
0.393,-40.833332
0.392,-41.666668
0.391,-38.333332
0.39,-38.333332
0.389,-35.0
0.388,-35.0
0.387,-34.166668
0.386,-34.166668
0.385,-34.166668
0.384,-32.5
0.383,-32.5
0.382,-31.666666
0.381,-31.666666
0.38,-30.833334
0.379,-30.0
0.378,-30.833334
0.377,-30.833334
0.376,-31.666666
0.375,-30.833334
0.374,-31.666666
0.373,-31.666666
0.372,-31.666666
0.371,-30.833334
0.37,-32.5
0.369,-32.5
0.368,-32.5
0.367,-29.166666
0.366,-27.5
0.365,-25.833334
0.364,-26.666666
0.363,-27.5
0.362,-28.333334
0.361,-26.666666
0.36,-25.0
0.359,-22.5
0.358,-20.833334
0.357,-20.833334
0.356,-22.5
0.355,-24.166666
0.354,-24.166666
0.353,-25.0
0.352,-25.0
0.351,-24.166666
0.35,-22.5
0.349,-22.5
0.348,-24.166666
0.347,-24.166666
0.346,-23.333334
0.345,-21.666666
0.344,-20.0
0.343,-20.0
0.342,-20.833334
0.341,-22.499998
0.34,-21.666666
0.339,-20.0
0.338,-19.166666
0.337,-18.333334
0.336,-19.166666
0.335,-19.166666
0.334,-20.0
0.333,-20.0
0.332,-20.833334
0.331,-20.0
0.33,-20.0
0.329,-20.0
0.328,-21.666666
0.327,-21.666666
0.326,-20.0
0.325,-18.333334
0.324,-19.166666
0.323,-18.333334
0.322,-19.166666
0.321,-18.333334
0.32,-18.333334
0.319,-17.5
0.318,-16.666666
0.317,-18.333334
0.316,-19.166666
0.315,-19.166666
0.314,-19.166666
0.313,-18.333334
0.312,-18.333334
0.311,-17.5
0.31,-17.5
0.309,-17.5
0.308,-17.5
0.307,-18.333334
0.306,-18.333334
0.305,-17.5
0.304,-17.5
0.303,-17.5
0.302,-18.333334
0.301,-18.333334
0.3,-20.833334
0.299,-21.666666
0.298,-20.833334
0.297,-18.333334
0.296,-18.333334
0.295,-19.166666
0.294,-18.333334
0.293,-18.333334
0.292,-16.666666
0.291,-17.5
0.29,-15.833333
0.289,-16.666666
0.288,-16.666666
0.287,-17.5
0.286,-17.5
0.285,-16.666666
0.284,-16.666666
0.283,-15.833333
0.282,-16.666666
0.281,-15.833333
0.28,-15.833333
0.279,-15.833333
0.278,-15.833333
0.277,-15.833333
0.276,-16.666666
0.275,-15.833333
0.274,-15.833333
0.273,-15.0
0.272,-18.333334
0.271,-18.333334
0.27,-18.333334
0.269,-16.666666
0.268,-15.0
0.267,-15.833333
0.266,-15.0
0.265,-17.5
0.264,-15.833333
0.263,-15.0
0.262,-15.833333
0.261,-15.0
0.26,-16.666666
0.259,-15.0
0.258,-16.666666
0.257,-15.833333
0.256,-15.833333
0.255,-15.833333
0.254,-16.666666
0.253,-17.5
0.252,-15.0
0.251,-14.166667
0.25,-13.333333
0.249,-15.0
0.248,-15.833333
0.247,-15.0
0.246,-15.0
0.245,-14.166667
0.244,-15.0
0.243,-15.0
0.242,-15.833333
0.241,-17.5
0.24,-17.5
0.239,-17.5
0.238,-15.833333
0.237,-16.666666
0.236,-15.833333
0.235,-15.833333
0.234,-15.0
0.233,-14.166667
0.232,-15.0
0.231,-14.166667
0.23,-17.5
0.229,-17.5
0.228,-18.333334
0.227,-15.833333
0.226,-14.166667
0.225,-13.333333
0.224,-14.166667
0.223,-14.166667
0.222,-15.0
0.221,-15.0
0.22,-15.833333
0.219,-15.0
0.218,-14.166667
0.217,-15.0
0.216,-15.0
0.215,-14.166667
0.214,-13.333333
0.213,-14.166667
0.212,-15.833333
0.211,-15.0
0.21,-14.166667
0.209,-12.5
0.208,-13.333333
0.207,-15.0
0.206,-16.666666
0.205,-16.666666
0.204,-15.833333
0.203,-15.0
0.202,-15.0
0.201,-14.166667
0.2,-14.166667
0.199,-13.333333
0.198,-14.166667
0.197,-13.333333
0.196,-14.166667
0.195,-13.333333
0.194,-15.0
0.193,-15.0
0.192,-15.833333
0.191,-12.5
0.19,-12.5
0.189,-13.333333
0.188,-15.0
0.187,-15.833333
0.186,-14.166667
0.185,-15.0
0.184,-12.5
0.183,-12.5
0.182,-12.5
0.181,-13.333333
0.18,-12.5
0.179,-11.666667
0.178,-10.833333
0.177,-12.5
0.176,-14.166667
0.175,-15.833333
0.174,-15.0
0.173,-15.0
0.172,-15.833333
0.171,-17.5
0.17,-16.666666
0.169,-15.0
0.168,-14.166667
0.167,-13.333333
0.166,-15.0
0.165,-15.0
0.164,-15.0
0.163,-14.166667
0.162,-14.166667
0.161,-15.0
0.16,-15.833333
0.159,-15.0
0.158,-15.0
0.157,-13.333333
0.156,-13.333333
0.155,-13.333333
0.154,-14.166667
0.153,-15.0
0.152,-15.833333
0.151,-15.833333
0.15,-15.0
0.149,-13.333333
0.148,-12.5
0.147,-13.333333
0.146,-14.166667
0.145,-15.0
0.144,-14.166667
0.143,-14.166667
0.142,-13.333333
0.141,-14.166667
0.14,-14.166667
0.139,-15.0
0.138,-15.0
0.137,-14.166667
0.136,-12.5
0.135,-10.0
0.134,-10.833333
0.133,-11.666667
0.132,-14.166667
0.131,-15.0
0.13,-15.833333
0.129,-15.833333
0.128,-15.0
0.127,-15.0
0.126,-15.0
0.125,-14.166667
0.124,-12.5
0.123,-12.5
0.122,-12.5
0.121,-13.333333
0.12,-13.333333
0.119,-14.166667
0.118,-14.166667
0.117,-14.166667
0.116,-12.5
0.115,-13.333333
0.114,-12.5
0.113,-13.333333
0.112,-12.5
0.111,-13.333333
0.11,-13.333333
0.109,-13.333333
0.108,-12.5
0.107,-12.5
0.106,-12.5
0.105,-11.666667
0.104,-12.5
0.103,-13.333333
0.102,-13.333333
0.101,-13.333333
0.1,-13.333333
0.099,-14.166667
0.098,-13.333333
0.097,-13.333333
0.096,-14.166667
0.095,-15.833333
0.094,-14.166667
0.093,-14.166667
0.092,-14.166667
0.091,-15.0
0.09,-15.0
0.089,-14.166667
0.088,-15.0
0.087,-13.333333
0.086,-14.166667
0.085,-14.166667
0.084,-15.833333
0.083,-15.0
0.082,-15.833333
0.081,-15.0
0.08,-15.0
0.079,-13.333333
0.078,-14.166667
0.077,-13.333333
0.076,-15.0
0.075,-13.333333
0.074,-13.333333
0.073,-12.5
0.072,-13.333333
0.071,-15.0
0.07,-14.166667
0.069,-14.166667
0.068,-13.333333
0.067,-14.166667
0.066,-15.0
0.065,-14.166667
0.064,-13.333333
0.063,-13.333333
0.062,-13.333333
0.061,-13.333333
0.06,-13.333333
0.059,-12.5
0.058,-12.5
0.057,-11.666667
0.056,-12.5
0.055,-13.333333
0.054,-13.333333
0.053,-15.0
0.052,-14.166667
0.051,-13.333333
0.05,-10.833333
0.049,-10.0
0.048,-10.833333
0.047,-13.333333
0.046,-15.833333
0.045,-15.833333
0.044,-15.0
0.043,-13.333333
0.042,-14.166667
0.041,-14.166667
0.04,-14.166667
0.039,-13.333333
0.038,-12.5
0.037,-11.666667
0.036,-12.5
0.035,-13.333333
0.034,-15.0
0.033,-13.333333
0.032,-13.333333
0.031,-11.666667
0.03,-11.666667
0.029,-11.666667
0.028,-11.666667
0.027,-14.166667
0.026,-12.5
0.025,-12.5
0.024,-12.5
0.023,-14.166667
0.022,-15.833333
0.021,-15.0
0.02,-15.833333
0.019,-15.833333
0.018,-15.833333
0.017,-14.166667
0.016,-13.333333
0.015,-12.5
0.014,-12.5
0.013,-13.333333
0.012,-14.166667
0.011,-15.0
0.01,-14.166667
0.009,-14.166667
0.008,-13.333333
0.007,-14.166667
0.006,-13.333333
0.005,-14.166667
0.004,-14.166667
0.003,-15.833333
0.002,-15.833333
0.001,-15.0
0.0,-12.5
