fold,test_coffee,target,network_name,v_start,v_end,v_window_size,n_voltage_points,num_epochs,use_early_stopping,train_r2,train_mae,test_r2,test_mae
0,"FRC Swiss Water Decaf Colombian, med roast IH",HPLC_Caff,DeepBN-64x3,0.4,1.2,0.7999999999999999,760,2000,False,0.9459950535407252,46.10264395837067,-575.601001975614,75.03013326050285
1,Alabaster Colombian Decaf,HPLC_Caff,DeepBN-64x3,0.4,1.2,0.7999999999999999,760,2000,False,0.9999864996172726,0.7355779169193278,-17055.16355866714,106.33448258991335
2,"FRC Sugarcame Decaf Colombian, med roast IH",HPLC_Caff,DeepBN-64x3,0.4,1.2,0.7999999999999999,760,2000,False,0.99998511828944,0.8059924583400548,-583.1315103500515,21.510252647431837
3,"FRC Decaf Colombian, med roast IH",HPLC_Caff,DeepBN-64x3,0.4,1.2,0.7999999999999999,760,2000,False,0.9998952225365475,1.621851580683999,0.0,76.71710287265573
4,Alabaster Colombian 1/4 Reg 3/4 Decaf,HPLC_Caff,DeepBN-64x3,0.4,1.2,0.7999999999999999,760,2000,False,0.9999787040013668,0.9359278000162771,0.3917258087527077,11.367901808853182
5,Alabaster Colombian Decaf + 200 ppm Caf,HPLC_Caff,DeepBN-64x3,0.4,1.2,0.7999999999999999,760,2000,False,0.9999859416611702,0.7556869084731943,-6.237848976600763,72.88918780531833
6,Alabaster Colombian 1/2 Reg 1/2 Decaf,HPLC_Caff,DeepBN-64x3,0.4,1.2,0.7999999999999999,760,2000,False,0.9829329835015376,23.97374589777203,-52.32063594218758,62.58056027116288
7,"Sheetz Classic Coffee (100% arabica), 12oz refill  5/22 8am",HPLC_Caff,DeepBN-64x3,0.4,1.2,0.7999999999999999,760,2000,False,0.9999859176583289,0.7724226768890908,-290.1707304126078,71.72042752964596
8,"McDonald's Regular Coffee, 5/22 8am",HPLC_Caff,DeepBN-64x3,0.4,1.2,0.7999999999999999,760,2000,False,0.9999875735690229,0.7318948340323781,-354.0107316643279,47.62180532447246
9,"Dunkin Original Blend, 5/22 8am",HPLC_Caff,DeepBN-64x3,0.4,1.2,0.7999999999999999,760,2000,False,0.9999888126537455,0.7031411158579458,-575.9818640547854,93.45443768910188
10,Yemen Mokha Sanani,HPLC_Caff,DeepBN-64x3,0.4,1.2,0.7999999999999999,760,2000,False,0.9998922499036218,2.162104713301362,0.0,114.48748312609364
11,"FRC Ethiopia Yirgacheffe, light roast IH- High BR, 2x dilute",HPLC_Caff,DeepBN-64x3,0.4,1.2,0.7999999999999999,760,2000,False,0.9999215649618686,1.7897906250022944,0.0,37.33571312418826
12,Alabaster Colombian Decaf + 400 ppm Caf,HPLC_Caff,DeepBN-64x3,0.4,1.2,0.7999999999999999,760,2000,False,0.9999871840329579,0.7401189113168649,-106.87712546705517,111.63064022641883
13,Alabaster Colombian 3/4 Reg 1/4 Decaf,HPLC_Caff,DeepBN-64x3,0.4,1.2,0.7999999999999999,760,2000,False,0.9999862623279465,0.7714785516698677,-5.568249897612579,27.590472429902054
14,"FRC Brazil Cerrado, medium roast IH- High BR, 2x dilute",HPLC_Caff,DeepBN-64x3,0.4,1.2,0.7999999999999999,760,2000,False,0.999979637662459,1.0410941173933945,0.0,43.4276198482515
15,Ethiopia Dry Process Yirga Cheffe Halo Beriti,HPLC_Caff,DeepBN-64x3,0.4,1.2,0.7999999999999999,760,2000,False,0.9999854997364822,0.7520625216852547,0.0,15.549681428267869
16,Ethiopia Guji Goro Bedessa,HPLC_Caff,DeepBN-64x3,0.4,1.2,0.7999999999999999,760,2000,False,0.9998991250457282,2.1357864874843195,0.0,9.815955459946357
17,Guatemala Xinabajul Lisandro Hidalgo,HPLC_Caff,DeepBN-64x3,0.4,1.2,0.7999999999999999,760,2000,False,0.9999602175930997,1.3332961864626292,0.0,19.594250513081345
18,"Starbucks Pike Place Roast, 5/22 8am",HPLC_Caff,DeepBN-64x3,0.4,1.2,0.7999999999999999,760,2000,False,0.9999870021592829,0.7716988994553603,-9909.99181378991,71.43280152687991
19,Kenya Nyeri Gichathaini AB,HPLC_Caff,DeepBN-64x3,0.4,1.2,0.7999999999999999,760,2000,False,0.9999781659253608,0.9284939540923174,0.0,11.802892391089472
20,Kenya Nyeri Gichichi AA,HPLC_Caff,DeepBN-64x3,0.4,1.2,0.7999999999999999,760,2000,False,0.2963967773158721,165.76889975526956,0.0,125.37647675891178
21,ES Dry Process Finca San Luis,HPLC_Caff,DeepBN-64x3,0.4,1.2,0.7999999999999999,760,2000,False,0.9999879195517498,0.717208731079777,0.0,22.342361059087807
22,Alabaster Colombian Decaf + 600 ppm Caf,HPLC_Caff,DeepBN-64x3,0.4,1.2,0.7999999999999999,760,2000,False,0.999988199062729,0.720097025864633,-23.388164905284185,50.71282533816778
23,CR Dry Process Hacienda Sonora,HPLC_Caff,DeepBN-64x3,0.4,1.2,0.7999999999999999,760,2000,False,0.9984743330459244,8.156147781416294,0.0,26.67433518828375
24,CR Honey Chirripo Bambu,HPLC_Caff,DeepBN-64x3,0.4,1.2,0.7999999999999999,760,2000,False,0.9999876070394642,0.7462282693517918,0.0,65.27213064060106
25,Sumatra Wet Hulled Ribang Gayo,HPLC_Caff,DeepBN-64x3,0.4,1.2,0.7999999999999999,760,2000,False,0.9998269874836626,2.536530606229698,0.0,26.84557787123818
26,Guatemala FTO Honey Process Chuacus,HPLC_Caff,DeepBN-64x3,0.4,1.2,0.7999999999999999,760,2000,False,0.9999878576749113,0.7198845967454295,0.0,8.087300348410773
27,Colombia Granjeros de Huila Bourbon,HPLC_Caff,DeepBN-64x3,0.4,1.2,0.7999999999999999,760,2000,False,0.9999830621493683,0.8227501885422752,0.0,20.647829660077644
28,CR Don Mayo La Loma,HPLC_Caff,DeepBN-64x3,0.4,1.2,0.7999999999999999,760,2000,False,0.9999871674686484,0.7424166395333124,0.0,13.824575965156972
29,Nicaragua Finca Buenos Aires,HPLC_Caff,DeepBN-64x3,0.4,1.2,0.7999999999999999,760,2000,False,0.9999868890489165,0.7502875403201359,0.0,20.499663657345348
30,Colombia Double Ferment Huila Pacamara,HPLC_Caff,DeepBN-64x3,0.4,1.2,0.7999999999999999,760,2000,False,0.9999884147724625,0.680966144970042,0.0,7.629567844779217
31,"FRC Ethiopia Yirgacheffe, light roast IH",HPLC_Caff,DeepBN-64x3,0.4,1.2,0.7999999999999999,760,2000,False,0.999988937884655,0.6641047398186657,-52.15248042629914,33.821702696840966
32,FRC Colombia medium roast,HPLC_Caff,DeepBN-64x3,0.4,1.2,0.7999999999999999,760,2000,False,0.9999358620001703,1.7348688776139893,-1456.2494623471885,30.58843749622334
33,Alabaster Colombian Regular,HPLC_Caff,DeepBN-64x3,0.4,1.2,0.7999999999999999,760,2000,False,0.9999883890574196,0.7118946758433029,-310.0861486037536,103.35276403250823
34,FRC Mexican medium roast,HPLC_Caff,DeepBN-64x3,0.4,1.2,0.7999999999999999,760,2000,False,0.9999838930292099,0.8153210437469633,-13863.631951749278,76.81951904990872
35,FRC Sumatra medium roast,HPLC_Caff,DeepBN-64x3,0.4,1.2,0.7999999999999999,760,2000,False,0.9999865351802184,0.7509272422270025,-38.87323355474967,42.44826665019821
36,"FRC Kenya AA, medium roast IH",HPLC_Caff,DeepBN-64x3,0.4,1.2,0.7999999999999999,760,2000,False,0.9999808452572759,0.9119073849052224,-1177.0425738217323,25.306765526794948
37,"FRC Brazil Cerrado, medium roast IH",HPLC_Caff,DeepBN-64x3,0.4,1.2,0.7999999999999999,760,2000,False,0.9999865548720587,0.7863331009903953,-303.07763866728857,67.16194280386178
38,"FRC Brazil Cerrado, dark roast IH",HPLC_Caff,DeepBN-64x3,0.4,1.2,0.7999999999999999,760,2000,False,0.9999864315782054,0.7451193645289917,-2282.206082857174,194.93288673375685
39,"FRC Brazil Cerrado, light roast IH",HPLC_Caff,DeepBN-64x3,0.4,1.2,0.7999999999999999,760,2000,False,0.9991890786693484,5.92474314689168,-16588.561663544115,73.931005682872
40,Alabaster Colombian Decaf + 800 ppm Caf,HPLC_Caff,DeepBN-64x3,0.4,1.2,0.7999999999999999,760,2000,False,0.999987449411197,0.7337846803877507,-9.00327817259244,32.37760792900849
41,"FRC Ethiopia Yirgacheffe, light roast IH- High BR",HPLC_Caff,DeepBN-64x3,0.4,1.2,0.7999999999999999,760,2000,False,0.9999882870649709,0.6979378056902116,-98.39540667536022,211.1009803031491
42,"FRC Brazil Cerrado, medium roast IH- High BR",HPLC_Caff,DeepBN-64x3,0.4,1.2,0.7999999999999999,760,2000,False,0.9998440940128626,2.3299008826280567,-16.14998873695364,120.79210121322278
43,"FRC ROBUSTA Brazil, medium roast IH",HPLC_Caff,DeepBN-64x3,0.4,1.2,0.7999999999999999,760,2000,False,0.9999873870088072,0.738419867361115,-56.480292087934046,19.039970519446342
