Voltage,SummedWeight
0.0,-21.805347204208374
0.0010526315789473684,-7.568166367709637
0.002105263157894737,-2.228908322751522
0.003157894736842105,-13.551917999982834
0.004210526315789474,-18.56697184033692
0.005263157894736842,-28.912253990769386
0.00631578947368421,-28.18658558279276
0.007368421052631579,-12.092944506555796
0.008421052631578947,16.03270861878991
0.009473684210526315,-19.378670904785395
0.010526315789473684,-24.360743690282106
0.011578947368421053,-23.068983409553766
0.01263157894736842,-9.534546669572592
0.013684210526315788,-29.94379499554634
0.014736842105263158,-47.209620237350464
0.015789473684210527,-12.544601233676076
0.016842105263157894,15.858116464689374
0.017894736842105262,-21.11330971121788
0.01894736842105263,-19.278819739818573
0.02,8.935672461986542
0.021052631578947368,12.731235194951296
0.022105263157894735,0.10052068345248699
0.023157894736842106,18.63447281718254
0.024210526315789474,23.33117208816111
0.02526315789473684,-14.870795724913478
0.02631578947368421,-15.451757315546274
0.027368421052631577,-16.734716437757015
0.028421052631578948,-19.45935745537281
0.029473684210526315,-30.166075732558966
0.030526315789473683,-5.6692943423986435
0.031578947368421054,-0.3237932361662388
0.03263157894736842,21.18141684308648
0.03368421052631579,-12.216316543519497
0.034736842105263156,-15.814020536839962
0.035789473684210524,-9.857301760464907
0.03684210526315789,-8.058406015858054
0.03789473684210526,-23.201009958982468
0.03894736842105263,-18.436336610466242
0.04,14.025165669620037
0.04105263157894737,-2.721022206824273
0.042105263157894736,-34.76741427928209
0.0431578947368421,-12.313410894013941
0.04421052631578947,-20.810856834053993
0.04526315789473684,-26.14834436774254
0.04631578947368421,11.183986488729715
0.04736842105263158,-27.668693393468857
0.04842105263157895,-12.365162152796984
0.049473684210526316,-15.679248473607004
0.05052631578947368,-32.78436079621315
0.05157894736842105,-8.98903625831008
0.05263157894736842,-12.956750439479947
0.053684210526315786,-6.511450037360191
0.05473684210526315,3.233183778822422
0.05578947368421053,7.588523577898741
0.056842105263157895,-11.148954775184393
0.05789473684210526,-12.797051003202796
0.05894736842105263,-26.68307536840439
0.06,9.926920329220593
0.061052631578947365,-14.625717796385288
0.06210526315789473,-31.67095474153757
0.06315789473684211,-32.82180818915367
0.06421052631578947,1.931755074299872
0.06526315789473684,-13.953119281679392
0.0663157894736842,-10.115143846720457
0.06736842105263158,-4.878662648610771
0.06842105263157895,-16.03339991532266
0.06947368421052631,4.465319344773889
0.07052631578947369,-28.060584902763367
0.07157894736842105,-10.544908560812473
0.07263157894736842,-19.19800995849073
0.07368421052631578,-4.653300851583481
0.07473684210526316,-10.8816312327981
0.07578947368421052,0.5085206832736731
0.07684210526315789,-2.20557713881135
0.07789473684210527,5.8073950707912445
0.07894736842105263,-18.172487191855907
0.08,-11.973334783688188
0.08105263157894736,-18.790299529209733
0.08210526315789474,-11.88159766048193
0.0831578947368421,-26.729209177196026
0.08421052631578947,-23.786171227693558
0.08526315789473685,-4.39287980645895
0.0863157894736842,-7.546722159720957
0.08736842105263158,-7.8858206467702985
0.08842105263157894,-7.591115780174732
0.08947368421052632,-2.6927603855729103
0.09052631578947368,-4.437846057116985
0.09157894736842105,2.2055876031517982
0.09263157894736843,-11.825564751401544
0.09368421052631579,-3.4446772690862417
0.09473684210526316,6.307457928545773
0.09578947368421052,-9.3096027597785
0.0968421052631579,16.400684593245387
0.09789473684210526,-6.137547058053315
0.09894736842105263,-7.42867181263864
0.09999999999999999,-9.105964213609695
0.10105263157894737,-16.851132079958916
0.10210526315789474,-14.006092159077525
0.1031578947368421,-14.254450775682926
0.10421052631578948,-5.728830421343446
0.10526315789473684,-3.069232312962413
0.10631578947368421,-18.63356388360262
0.10736842105263157,-12.300560414791107
0.10842105263157895,-9.082738382741809
0.1094736842105263,-0.12050038576126099
0.11052631578947368,-25.92350672185421
0.11157894736842106,-12.652085568755865
0.11263157894736842,-10.109468203037977
0.11368421052631579,-5.021257888525724
0.11473684210526315,-19.043983601033688
0.11578947368421053,-8.897307828068733
0.11684210526315789,-20.14855099003762
0.11789473684210526,-10.03825953323394
0.11894736842105263,-8.250710386782885
0.12,-12.767613969743252
0.12105263157894737,-21.40977735631168
0.12210526315789473,-1.7737854793667793
0.1231578947368421,-32.23360541462898
0.12421052631578947,-20.16679624468088
0.12526315789473683,-4.501638015732169
0.12631578947368421,-1.9014357654377818
0.12736842105263158,-8.988096743822098
0.12842105263157894,-7.189441487193108
0.12947368421052632,-14.339404858648777
0.13052631578947368,-19.094542786478996
0.13157894736842105,-11.194018697366118
0.1326315789473684,-14.596183627843857
0.1336842105263158,-14.272475617006421
0.13473684210526315,-21.358877759426832
0.13578947368421052,-16.99765644222498
0.1368421052631579,-20.303208585828543
0.13789473684210526,-14.055632561445236
0.13894736842105262,-14.078712776303291
0.13999999999999999,-11.311095297336578
0.14105263157894737,-7.491132993251085
0.14210526315789473,-11.496447585523129
0.1431578947368421,-26.51686259917915
0.14421052631578948,-12.612906927708536
0.14526315789473684,-16.568799637258053
0.1463157894736842,-23.497319981455803
0.14736842105263157,-9.583150625228882
0.14842105263157895,-36.46894058585167
0.14947368421052631,-12.077558127231896
0.15052631578947367,-25.186476036906242
0.15157894736842104,-4.579688727855682
0.15263157894736842,-32.52032305300236
0.15368421052631578,-32.42343392968178
0.15473684210526314,-29.347731485962868
0.15578947368421053,-26.33251902088523
0.1568421052631579,-13.56800670363009
0.15789473684210525,-30.305289804935455
0.15894736842105261,-36.104186087846756
0.16,-17.995257705450058
0.16105263157894736,-14.116822523996234
0.16210526315789472,-29.205794893205166
0.1631578947368421,-34.10218722652644
0.16421052631578947,-37.6229250729084
0.16526315789473683,-28.65960668772459
0.1663157894736842,-24.532470986247063
0.16736842105263158,-31.344938427209854
0.16842105263157894,-22.732809126377106
0.1694736842105263,-20.509647123515606
0.1705263157894737,-17.382269397377968
0.17157894736842105,-17.007173970341682
0.1726315789473684,-30.601782634854317
0.17368421052631577,-37.79164419323206
0.17473684210526316,-34.021407186985016
0.17578947368421052,-35.73763869702816
0.17684210526315788,-26.160520613193512
0.17789473684210527,-29.26972560584545
0.17894736842105263,-30.18065309897065
0.18,-41.44368579983711
0.18105263157894735,-27.979289814829826
0.18210526315789474,-41.88069409132004
0.1831578947368421,-38.98408382385969
0.18421052631578946,-35.64614099264145
0.18526315789473685,-26.09625036548823
0.1863157894736842,-32.2009859085083
0.18736842105263157,-38.90068084001541
0.18842105263157893,-36.27735137939453
0.18947368421052632,-37.69253307580948
0.19052631578947368,-27.89864720776677
0.19157894736842104,-33.43338626623154
0.1926315789473684,-38.33081579208374
0.1936842105263158,-35.49901723861694
0.19473684210526315,-42.855151414871216
0.1957894736842105,-32.83596695959568
0.1968421052631579,-44.430334001779556
0.19789473684210526,-36.70029813051224
0.19894736842105262,-39.60791486501694
0.19999999999999998,-38.97271963953972
0.20105263157894737,-40.77010435424745
0.20210526315789473,-39.60147178173065
0.2031578947368421,-43.00967039167881
0.20421052631578948,-44.514623790979385
0.20526315789473684,-42.570488691329956
0.2063157894736842,-26.723165780305862
0.20736842105263156,-27.35328382253647
0.20842105263157895,-38.47715878486633
0.2094736842105263,-25.59473628923297
0.21052631578947367,-38.70731444656849
0.21157894736842106,-23.69088756106794
0.21263157894736842,-42.11477741599083
0.21368421052631578,-39.01344554126263
0.21473684210526314,-25.83433972299099
0.21578947368421053,-36.032792180776596
0.2168421052631579,-22.921266246587038
0.21789473684210525,-31.725980073213577
0.2189473684210526,-10.387527208775282
0.22,-11.414616245776415
0.22105263157894736,-23.126023469492793
0.22210526315789472,-20.734393823891878
0.2231578947368421,-15.637203440070152
0.22421052631578947,-19.612539790570736
0.22526315789473683,-25.016985615715384
0.2263157894736842,-27.59589149057865
0.22736842105263158,-11.890156552195549
0.22842105263157894,-31.55159678310156
0.2294736842105263,-21.80664178915322
0.2305263157894737,7.7646395564079285
0.23157894736842105,-36.9523236900568
0.2326315789473684,-37.68882707506418
0.23368421052631577,-29.001771688461304
0.23473684210526316,-18.266630597412586
0.23578947368421052,-26.97593506425619
0.23684210526315788,-21.21096422895789
0.23789473684210527,-4.209951288998127
0.23894736842105263,-29.331130519509315
0.24,-14.15681588742882
0.24105263157894735,-6.08597168372944
0.24210526315789474,-16.409619849175215
0.2431578947368421,-16.99180893599987
0.24421052631578946,-18.330745216459036
0.24526315789473685,-2.9322872292250395
0.2463157894736842,-7.592762466520071
0.24736842105263157,-8.48664253950119
0.24842105263157893,-5.620473306858912
0.24947368421052632,-28.128808047622442
0.25052631578947365,-28.72460413724184
0.25157894736842107,-20.72000854462385
0.25263157894736843,-5.914497174322605
0.2536842105263158,-33.68892431259155
0.25473684210526315,-21.98261608928442
0.2557894736842105,-34.640956342220306
0.25684210526315787,-23.405947349965572
0.25789473684210523,-35.33458638191223
0.25894736842105265,-2.357139129191637
0.26,-28.156907066702843
0.26105263157894737,-21.68079347908497
0.26210526315789473,-4.571891417726874
0.2631578947368421,-19.224741767160594
0.26421052631578945,-33.220040589571
0.2652631578947368,-18.526501923799515
0.26631578947368423,-19.127874303609133
0.2673684210526316,-31.10944457538426
0.26842105263157895,-25.186069954186678
0.2694736842105263,-12.960716165602207
0.27052631578947367,-13.167076801881194
0.27157894736842103,-27.313804537057877
0.2726315789473684,-21.2874475736171
0.2736842105263158,-24.14541177637875
0.27473684210526317,-20.36042047291994
0.27578947368421053,-19.307533636689186
0.2768421052631579,-22.20721486210823
0.27789473684210525,-20.285814080387354
0.2789473684210526,-2.6559106707572937
0.27999999999999997,-25.52661064453423
0.2810526315789474,-22.21203302592039
0.28210526315789475,-17.12761579453945
0.2831578947368421,-22.581608951091766
0.28421052631578947,-31.135671243071556
0.28526315789473683,-31.99708217382431
0.2863157894736842,-16.300153199583292
0.28736842105263155,-29.316583827137947
0.28842105263157897,-36.691178143024445
0.2894736842105263,-35.18418076634407
0.2905263157894737,-27.678904473781586
0.29157894736842105,-0.553618187084794
0.2926315789473684,-18.57149536162615
0.29368421052631577,-16.755903627723455
0.29473684210526313,-4.312422953546047
0.29578947368421055,-28.13807613402605
0.2968421052631579,-22.363319531083107
0.29789473684210527,-2.8962464835494757
0.29894736842105263,5.645006529986858
0.3,-28.0291595607996
0.30105263157894735,0.4495185725390911
0.3021052631578947,-30.20982252061367
0.30315789473684207,-25.73803342320025
0.3042105263157895,-15.93998212646693
0.30526315789473685,-15.85870485752821
0.3063157894736842,-18.949634797871113
0.30736842105263157,-5.204383204691112
0.30842105263157893,-11.975874181836843
0.3094736842105263,-7.217822512611747
0.31052631578947365,3.230571518652141
0.31157894736842107,5.856644950807095
0.3126315789473684,0.7044914606958628
0.3136842105263158,2.842143516987562
0.31473684210526315,8.968162281438708
0.3157894736842105,-21.743409872055054
0.31684210526315787,-25.03006175160408
0.31789473684210523,-3.9611261785030365
0.31894736842105265,-20.447064861655235
0.32,-18.203038703650236
0.32105263157894737,7.063062887638807
0.32210526315789473,14.872523846104741
0.3231578947368421,8.904539939947426
0.32421052631578945,-1.0668178424239159
0.3252631578947368,0.06703809928148985
0.3263157894736842,-0.12116707861423492
0.3273684210526316,13.278158489614725
0.32842105263157895,-13.990958062931895
0.3294736842105263,-11.807173119857907
0.33052631578947367,8.449087057262659
0.33157894736842103,12.222809806466103
0.3326315789473684,6.562153495848179
0.3336842105263158,-21.737387880682945
0.33473684210526317,-10.253427201882005
0.3357894736842105,-20.635433053597808
0.3368421052631579,5.046797789633274
0.33789473684210525,-4.265304338186979
0.3389473684210526,-13.388392301276326
0.33999999999999997,1.9067592564970255
0.3410526315789474,-7.352294055745006
0.34210526315789475,-9.369457177817822
0.3431578947368421,-12.32289420813322
0.34421052631578947,-1.525885984301567
0.3452631578947368,-13.670953676104546
0.3463157894736842,-2.8649512697011232
0.34736842105263155,20.126712195575237
0.34842105263157896,4.739117603749037
0.3494736842105263,0.5607690932229161
0.3505263157894737,13.515012912452221
0.35157894736842105,-7.47114400472492
0.3526315789473684,4.024895442649722
0.35368421052631577,-16.83230569958687
0.35473684210526313,-4.977635348215699
0.35578947368421054,-2.3617364279925823
0.3568421052631579,-24.414196161553264
0.35789473684210527,-5.36222080886364
0.3589473684210526,15.73050395771861
0.36,-21.648707969114184
0.36105263157894735,-7.318144381046295
0.3621052631578947,2.485764699988067
0.3631578947368421,8.005345046520233
0.3642105263157895,-3.350038792937994
0.36526315789473685,-4.060253198258579
0.3663157894736842,4.70466330088675
0.36736842105263157,-11.892556611448526
0.3684210526315789,4.8991184388287365
0.3694736842105263,-5.6928168358281255
0.3705263157894737,-6.020005375146866
0.37157894736842106,-2.2144771590828896
0.3726315789473684,4.712975779548287
0.3736842105263158,-11.856579881161451
0.37473684210526315,-2.0426453221589327
0.3757894736842105,16.793179906904697
0.37684210526315787,19.517739910632372
0.3778947368421052,6.026838494464755
0.37894736842105264,5.512667369097471
0.38,-3.0371248349547386
0.38105263157894737,3.759438890963793
0.3821052631578947,7.535408979281783
0.3831578947368421,-3.1182824224233627
0.38421052631578945,-12.258733062073588
0.3852631578947368,8.892551127821207
0.3863157894736842,-7.013075776398182
0.3873684210526316,-2.233330711722374
0.38842105263157894,0.6712782038375735
0.3894736842105263,-17.2221991289407
0.39052631578947367,-5.493374804034829
0.391578947368421,-21.48974570631981
0.3926315789473684,-21.483975413721055
0.3936842105263158,-8.035770826041698
0.39473684210526316,-25.385002568364143
0.3957894736842105,-18.39804970100522
0.3968421052631579,3.516407781280577
0.39789473684210525,9.46642456157133
0.3989473684210526,-21.635049048811197
0.39999999999999997,-35.65616054832935
0.4010526315789474,-23.886151865124702
0.40210526315789474,-14.34794522356242
0.4031578947368421,-4.53640404343605
0.40421052631578946,-2.643146561458707
0.4052631578947368,-16.88108485750854
0.4063157894736842,-28.220336250960827
0.40736842105263155,-14.447312066331506
0.40842105263157896,-1.929435856640339
0.4094736842105263,11.922595828771591
0.4105263157894737,-21.86294161900878
0.41157894736842104,-7.101327911019325
0.4126315789473684,-30.698468446731567
0.41368421052631577,-4.11187744140625
0.4147368421052631,-10.127548735588789
0.41578947368421054,-14.150790084153414
0.4168421052631579,-8.656073329038918
0.41789473684210526,-0.22178401006385684
0.4189473684210526,-18.823286771774292
0.42,-19.333660639822483
0.42105263157894735,-3.951971871778369
0.4221052631578947,-8.373403864912689
0.4231578947368421,-9.401940217241645
0.4242105263157895,-22.125376445241272
0.42526315789473684,-2.5261076306924224
0.4263157894736842,-25.95195308700204
0.42736842105263156,3.5773248011246324
0.4284210526315789,-24.381131138652563
0.4294736842105263,-25.363338455557823
0.4305263157894737,-14.281690806150436
0.43157894736842106,-27.05877025425434
0.4326315789473684,-2.800178023055196
0.4336842105263158,-15.323688813485205
0.43473684210526314,15.453172001987696
0.4357894736842105,-10.696870078332722
0.43684210526315786,-16.48540980182588
0.4378947368421052,-3.1528380401432514
0.43894736842105264,-24.467359356582165
0.44,-2.750362429767847
0.44105263157894736,-43.60242219269276
0.4421052631578947,-19.908700144849718
0.4431578947368421,9.251277416944504
0.44421052631578944,-33.76413284987211
0.4452631578947368,-15.79051023721695
0.4463157894736842,-17.961982369422913
0.4473684210526316,-16.675355784595013
0.44842105263157894,7.034125924110413
0.4494736842105263,-9.507422154769301
0.45052631578947366,-16.670472994446754
0.451578947368421,-10.285197424702346
0.4526315789473684,2.6000853795558214
0.4536842105263158,-13.422216899693012
0.45473684210526316,-6.07502855733037
0.4557894736842105,-27.65721584111452
0.4568421052631579,-5.663631523028016
0.45789473684210524,-12.954496905207634
0.4589473684210526,3.236621401272714
0.45999999999999996,-12.208464801311493
0.4610526315789474,-8.746068187057972
0.46210526315789474,-18.643326058983803
0.4631578947368421,8.895663947798312
0.46421052631578946,-14.804877333343029
0.4652631578947368,-1.7265936257317662
0.4663157894736842,-6.669660683721304
0.46736842105263154,7.9417604729533195
0.46842105263157896,-8.567270212806761
0.4694736842105263,-5.648546863347292
0.4705263157894737,9.634971146471798
0.47157894736842104,-30.975944101810455
0.4726315789473684,-9.286217145621777
0.47368421052631576,-16.835115218535066
0.4747368421052631,-10.017406087368727
0.47578947368421054,-16.256720446050167
0.4768421052631579,-7.1982278460636735
0.47789473684210526,-11.31982748489827
0.4789473684210526,-21.154432602226734
0.48,-17.524072929285467
0.48105263157894734,-2.3429889902472496
0.4821052631578947,13.53061606362462
0.4831578947368421,-24.600452095270157
0.4842105263157895,-8.962710443884134
0.48526315789473684,-25.01304645743221
0.4863157894736842,-14.954395517706871
0.48736842105263156,-3.277829160913825
0.4884210526315789,-6.2164202854037285
0.4894736842105263,-9.228006698191166
0.4905263157894737,6.9720015078783035
0.49157894736842106,-20.759146243333817
0.4926315789473684,-16.369103271514177
0.4936842105263158,-29.975169450044632
0.49473684210526314,-32.95430585741997
0.4957894736842105,-33.99445183575153
0.49684210526315786,-20.66791781410575
0.4978947368421053,-10.182408842258155
0.49894736842105264,-4.432033317629248
0.5,-16.665000960230827
0.5010526315789473,-11.039218319579959
0.5021052631578947,-12.95106116309762
0.5031578947368421,-13.729804456233978
0.5042105263157894,-20.036317201331258
0.5052631578947369,3.2606374137103558
0.5063157894736842,-33.362457662820816
0.5073684210526316,-13.570703966543078
0.5084210526315789,-23.62544751819223
0.5094736842105263,-10.348352838307619
0.5105263157894737,-15.416222041472793
0.511578947368421,-18.150296792387962
0.5126315789473684,-27.9325556345284
0.5136842105263157,-14.301370196044445
0.5147368421052632,-22.787375796586275
0.5157894736842105,-3.353399710729718
0.5168421052631579,-32.13148096203804
0.5178947368421053,-20.637427300214767
0.5189473684210526,-25.69860433973372
0.52,-6.318440289236605
0.5210526315789473,9.544554667547345
0.5221052631578947,-9.350161852315068
0.523157894736842,-35.06943849846721
0.5242105263157895,0.24820244871079922
0.5252631578947369,-1.415216107852757
0.5263157894736842,-10.988736333325505
0.5273684210526316,-20.594030434265733
0.5284210526315789,4.033186896704137
0.5294736842105263,-33.1876754835248
0.5305263157894736,-7.399224259890616
0.531578947368421,-7.770379608497024
0.5326315789473685,-25.186319567263126
0.5336842105263158,-41.93750178813934
0.5347368421052632,-32.25015855580568
0.5357894736842105,10.289665640331805
0.5368421052631579,-9.812682446092367
0.5378947368421052,-34.8383751809597
0.5389473684210526,-21.22533629834652
0.54,-35.672782480716705
0.5410526315789473,-9.495815061964095
0.5421052631578948,-47.32380639016628
0.5431578947368421,7.841619474813342
0.5442105263157895,-9.094983160495758
0.5452631578947368,-13.848553445190191
0.5463157894736842,-9.706119015812874
0.5473684210526316,-15.270901065319777
0.5484210526315789,-30.59149394929409
0.5494736842105263,-21.910728737711906
0.5505263157894736,-16.176935367286205
0.5515789473684211,-20.886829525232315
0.5526315789473684,-35.6193655282259
0.5536842105263158,6.926153523847461
0.5547368421052632,0.1268189363181591
0.5557894736842105,-12.241632416844368
0.5568421052631579,-31.008493572473526
0.5578947368421052,-12.028096191585064
0.5589473684210526,-39.741829201579094
0.5599999999999999,-39.68494141101837
0.5610526315789474,-25.25050224363804
0.5621052631578948,-13.15845637768507
0.5631578947368421,-42.13068050146103
0.5642105263157895,-0.4061666317284107
0.5652631578947368,-16.26328027015552
0.5663157894736842,-42.17000812292099
0.5673684210526315,-15.702502526342869
0.5684210526315789,-16.26398483850062
0.5694736842105264,-11.673498958349228
0.5705263157894737,-61.430734753608704
0.5715789473684211,-35.72025417536497
0.5726315789473684,-13.53689649142325
0.5736842105263158,-24.42408874630928
0.5747368421052631,-36.460782907903194
0.5757894736842105,-19.725325125269592
0.5768421052631579,-24.38889940828085
0.5778947368421052,-33.204034596681595
0.5789473684210527,-23.799816966056824
0.58,-25.281986944377422
0.5810526315789474,-20.532036665827036
0.5821052631578947,-36.567145727574825
0.5831578947368421,-27.7150035854429
0.5842105263157895,-24.58226715028286
0.5852631578947368,-22.481072274968028
0.5863157894736842,-33.07232227921486
0.5873684210526315,-33.457646280527115
0.588421052631579,-39.349044501781464
0.5894736842105263,-47.77848434448242
0.5905263157894737,-36.528239756822586
0.5915789473684211,-45.40583273768425
0.5926315789473684,-12.678493848070502
0.5936842105263158,-2.981747219339013
0.5947368421052631,-16.13570223748684
0.5957894736842105,-29.913669109344482
0.5968421052631578,-17.47217133641243
0.5978947368421053,-28.001191660761833
0.5989473684210527,-39.863627314567566
0.6,-17.608558535575867
0.6010526315789474,-23.959131810814142
0.6021052631578947,-44.954985454678535
0.6031578947368421,-28.112291641533375
0.6042105263157894,-20.629354871809483
0.6052631578947368,-34.91514130681753
0.6063157894736841,-44.6792693734169
0.6073684210526316,-26.240131124854088
0.608421052631579,3.399699865374714
0.6094736842105263,-21.05821157991886
0.6105263157894737,-28.415306199342012
0.611578947368421,-9.868317238986492
0.6126315789473684,-39.33233794569969
0.6136842105263157,-39.598683066666126
0.6147368421052631,-19.193295259028673
0.6157894736842106,-25.167739115655422
0.6168421052631579,-37.11417097970843
0.6178947368421053,-9.396209832280874
0.6189473684210526,-26.261669479310513
0.62,-38.68042308464646
0.6210526315789473,-26.40907374024391
0.6221052631578947,-56.14417812228203
0.6231578947368421,-18.902673114091158
0.6242105263157894,-30.04843882471323
0.6252631578947369,-29.578588403761387
0.6263157894736842,-2.3478879630565643
0.6273684210526316,-41.382281228899956
0.6284210526315789,-14.166389767080545
0.6294736842105263,10.812350794672966
0.6305263157894737,-30.010491710156202
0.631578947368421,-31.32847749441862
0.6326315789473684,-6.069957487285137
0.6336842105263157,-29.57435806468129
0.6347368421052632,-40.47479451820254
0.6357894736842105,-33.639097437262535
0.6368421052631579,-20.79156199004501
0.6378947368421053,-40.831806272268295
0.6389473684210526,-41.35444485396147
0.64,-27.733298748731613
0.6410526315789473,-32.07417573034763
0.6421052631578947,-11.596690888516605
0.643157894736842,-36.3394097071141
0.6442105263157895,-27.382561925798655
0.6452631578947369,-25.88048803061247
0.6463157894736842,-18.400514669716358
0.6473684210526316,-31.94843265041709
0.6484210526315789,-26.208745397627354
0.6494736842105263,-26.23045301437378
0.6505263157894736,-26.905428558588028
0.651578947368421,-30.418151773512363
0.6526315789473685,-12.98095297627151
0.6536842105263158,-25.798406522721052
0.6547368421052632,-24.15726462006569
0.6557894736842105,-32.74855327606201
0.6568421052631579,-28.121854374185205
0.6578947368421052,-34.39338195323944
0.6589473684210526,-30.300627797842026
0.66,-33.65973531268537
0.6610526315789473,-33.03256921470165
0.6621052631578948,-25.390568159520626
0.6631578947368421,-11.510210466571152
0.6642105263157895,-24.21543454937637
0.6652631578947368,-25.40109036117792
0.6663157894736842,-29.06409405823797
0.6673684210526316,-24.51946087181568
0.6684210526315789,-22.832589771598577
0.6694736842105263,-15.506055749952793
0.6705263157894736,-29.375636860728264
0.671578947368421,-28.630631558597088
0.6726315789473684,-11.265408866107464
0.6736842105263158,-24.99512918293476
0.6747368421052632,-24.688334018923342
0.6757894736842105,-29.40228285640478
0.6768421052631579,-28.57893557846546
0.6778947368421052,-21.127932623028755
0.6789473684210526,-12.567700447514653
0.6799999999999999,-35.469206511974335
0.6810526315789474,-31.327984288334846
0.6821052631578948,-24.696364872157574
0.6831578947368421,-10.870814761146903
0.6842105263157895,-12.515623150393367
0.6852631578947368,-26.126492218114436
0.6863157894736842,-26.402313098311424
0.6873684210526315,-16.84606280364096
0.6884210526315789,-23.486338923685253
0.6894736842105263,-17.342872900888324
0.6905263157894737,-41.21779964864254
0.6915789473684211,-24.409325003623962
0.6926315789473684,-19.823237881064415
0.6936842105263158,-3.077189341187477
0.6947368421052631,-31.15875707566738
0.6957894736842105,-17.696208246052265
0.6968421052631579,-10.507778156548738
0.6978947368421052,1.735024431720376
0.6989473684210527,-46.111127734184265
0.7,-46.62057701125741
0.7010526315789474,-31.121087342500687
0.7021052631578947,-62.49070303887129
0.7031578947368421,-44.033861469477415
0.7042105263157895,-7.284901542589068
0.7052631578947368,-6.220442615449429
0.7063157894736842,-25.764374740421772
0.7073684210526315,-34.7915952950716
0.708421052631579,-1.3358880281448364
0.7094736842105263,-19.01017038524151
0.7105263157894737,-35.37235960364342
0.7115789473684211,-23.25942869950086
0.7126315789473684,-29.42533940076828
0.7136842105263158,-41.769503474235535
0.7147368421052631,-28.686347991228104
0.7157894736842105,-16.41250792890787
0.7168421052631578,-1.9619357399642467
0.7178947368421053,-6.782215528655797
0.7189473684210527,-5.145667598582804
0.72,-13.180817486718297
0.7210526315789474,-38.782312555238605
0.7221052631578947,-10.537869162857533
0.7231578947368421,0.717336505651474
0.7242105263157894,-18.278927963227034
0.7252631578947368,-9.637158537749201
0.7263157894736842,0.3322295881807804
0.7273684210526316,6.123242575675249
0.728421052631579,-24.651489935815334
0.7294736842105263,-15.816987531725317
0.7305263157894737,-10.382773404940963
0.731578947368421,-21.76507476810366
0.7326315789473684,-36.53920303285122
0.7336842105263158,-13.552428426221013
0.7347368421052631,-22.846657767891884
0.7357894736842105,-31.97671350836754
0.7368421052631579,-14.245380364358425
0.7378947368421053,-18.65719521418214
0.7389473684210526,-27.660041697323322
0.74,-31.162066757678986
0.7410526315789474,-21.327293403446674
0.7421052631578947,-18.414319128729403
0.7431578947368421,-31.163404554128647
0.7442105263157894,-10.779634909704328
0.7452631578947368,-19.10396640561521
0.7463157894736842,-24.683159045875072
0.7473684210526316,-8.130939876660705
0.7484210526315789,-17.809698609635234
0.7494736842105263,-4.567394280806184
0.7505263157894737,-19.303145051002502
0.751578947368421,-16.616638192906976
0.7526315789473684,-26.535234734416008
0.7536842105263157,1.272801412269473
0.7547368421052632,-23.82746435701847
0.7557894736842105,-7.266290040686727
0.7568421052631579,2.5880934596061707
0.7578947368421053,-18.314583279192448
0.7589473684210526,-2.380367046687752
0.76,-6.194826666265726
0.7610526315789473,-1.7441776022315025
0.7621052631578947,1.8916988801211119
0.763157894736842,0.5115583278238773
0.7642105263157895,-3.287566074170172
0.7652631578947369,-14.139779121382162
0.7663157894736842,-9.337320417165756
0.7673684210526316,-10.34557593613863
0.7684210526315789,-5.033932205289602
0.7694736842105263,3.3433374194428325
0.7705263157894736,-18.140778422355652
0.771578947368421,-19.031775353476405
0.7726315789473684,-35.03874218836427
0.7736842105263158,4.126488961279392
0.7747368421052632,-6.625885819084942
0.7757894736842105,9.275522023439407
0.7768421052631579,-35.27396084368229
0.7778947368421052,-3.469172105193138
0.7789473684210526,-12.598038136959076
0.78,-8.311688473448157
0.7810526315789473,-4.545887680724263
0.7821052631578947,-17.618940822780132
0.783157894736842,13.863851711153984
0.7842105263157895,-12.502070315182209
0.7852631578947368,3.749876933172345
0.7863157894736842,-8.748382143676281
0.7873684210526316,-8.28776877373457
0.7884210526315789,-14.39019750058651
0.7894736842105263,22.055988982319832
0.7905263157894736,18.340127807110548
0.791578947368421,-1.3182903556153178
0.7926315789473684,6.389398738741875
0.7936842105263158,-8.598451353609562
0.7947368421052632,-12.155640210956335
0.7957894736842105,-11.492919732816517
0.7968421052631579,-6.457551430910826
0.7978947368421052,8.250467125326395
0.7989473684210526,-10.281730010174215
0.7999999999999999,-13.567023469135165
0.8010526315789473,-16.5453705471009
0.8021052631578948,-13.011190757155418
0.8031578947368421,-30.87969795614481
0.8042105263157895,-16.003289540298283
0.8052631578947368,-2.3507335856556892
0.8063157894736842,-8.905267800204456
0.8073684210526315,9.306633710861206
0.8084210526315789,6.540837191045284
0.8094736842105263,-26.93489310145378
0.8105263157894737,-7.0336523074656725
0.8115789473684211,3.3996078381314874
0.8126315789473684,-19.495858885347843
0.8136842105263158,-1.1905906652100384
0.8147368421052631,17.093924719840288
0.8157894736842105,-8.256195530295372
0.8168421052631579,7.165799491107464
0.8178947368421052,-11.598717112094164
0.8189473684210526,7.558107425458729
0.82,-16.948996806517243
0.8210526315789474,-6.194056160748005
0.8221052631578947,9.753798032877967
0.8231578947368421,-6.44086441793479
0.8242105263157895,-6.294382229447365
0.8252631578947368,-8.141242641024292
0.8263157894736842,-4.381848704069853
0.8273684210526315,-28.13606671988964
0.828421052631579,6.887351341545582
0.8294736842105263,0.8420529030263424
0.8305263157894737,12.513083722442389
0.8315789473684211,4.748139332863502
0.8326315789473684,5.978676442056894
0.8336842105263158,25.509151197969913
0.8347368421052631,-1.2697718418203294
0.8357894736842105,0.21641995757818222
0.8368421052631578,10.424980983138084
0.8378947368421052,2.5328553239814937
0.8389473684210527,22.177221164107323
0.84,0.5436101369559765
0.8410526315789474,-7.272031620144844
0.8421052631578947,21.109147135168314
0.8431578947368421,6.323269723914564
0.8442105263157894,-21.814757615327835
0.8452631578947368,-18.22392626106739
0.8463157894736842,-2.106010949239135
0.8473684210526315,-0.26577326096594334
0.848421052631579,-11.509580880403519
0.8494736842105263,8.538850129581988
0.8505263157894737,24.719717420637608
0.851578947368421,-9.276666052639484
0.8526315789473684,-9.757317259907722
0.8536842105263158,17.173487171530724
0.8547368421052631,13.329655578359962
0.8557894736842105,21.708675373345613
0.8568421052631578,2.00813115760684
0.8578947368421053,10.873498655855656
0.8589473684210526,18.79505174048245
0.86,23.01797044277191
0.8610526315789474,13.803498886525631
0.8621052631578947,15.060595691204071
0.8631578947368421,8.31048627011478
0.8642105263157894,17.758890867233276
0.8652631578947368,-14.004444431513548
0.8663157894736842,-1.0462182518094778
0.8673684210526316,-0.01249273307621479
0.868421052631579,-3.965695858001709
0.8694736842105263,-4.0514550087973475
0.8705263157894737,7.758957415819168
0.871578947368421,-2.734981184825301
0.8726315789473684,22.82252888381481
0.8736842105263157,-7.188868470489979
0.8747368421052631,-4.049849642440677
0.8757894736842105,-3.5572292916476727
0.8768421052631579,11.701178885996342
0.8778947368421053,18.994739715009928
0.8789473684210526,4.709716821089387
0.88,-5.755767893977463
0.8810526315789473,2.6510138516314328
0.8821052631578947,17.002291709184647
0.883157894736842,-4.976783500984311
0.8842105263157894,5.419209025800228
0.8852631578947369,8.925276521593332
0.8863157894736842,5.139913621358573
0.8873684210526316,-0.5126069393008947
0.8884210526315789,22.14459052681923
0.8894736842105263,12.718373334035277
0.8905263157894736,-2.988949876278639
0.891578947368421,10.994016140699387
0.8926315789473684,26.655853159725666
0.8936842105263157,16.511667773127556
0.8947368421052632,8.883147936314344
0.8957894736842105,15.181518144905567
0.8968421052631579,-4.213969893753529
0.8978947368421052,3.5322684720158577
0.8989473684210526,12.274885058403015
0.9,-5.481166766025126
0.9010526315789473,-2.4299105387181044
0.9021052631578947,18.8241728246212
0.903157894736842,6.197562728077173
0.9042105263157895,-12.573482654988766
0.9052631578947368,2.998795736581087
0.9063157894736842,9.20998327434063
0.9073684210526316,9.459933262318373
0.9084210526315789,21.389858320355415
0.9094736842105263,7.025964505970478
0.9105263157894736,27.663608603179455
0.911578947368421,12.881864912807941
0.9126315789473683,2.8197942469269037
0.9136842105263158,4.739782389253378
0.9147368421052632,11.914118275046349
0.9157894736842105,1.5488088056445122
0.9168421052631579,-0.388335756957531
0.9178947368421052,17.736885510385036
0.9189473684210526,10.690981362015009
0.9199999999999999,1.6095172688364983
0.9210526315789473,3.9701596684753895
0.9221052631578948,19.711268983781338
0.9231578947368421,-2.888211041688919
0.9242105263157895,-10.76653416082263
0.9252631578947368,26.457982506603003
0.9263157894736842,18.855137526988983
0.9273684210526315,2.736858687363565
0.9284210526315789,-6.585489556193352
0.9294736842105263,10.852299094200134
0.9305263157894736,-14.609388294629753
0.9315789473684211,10.36820549890399
0.9326315789473684,15.288316264748573
0.9336842105263158,17.937196743674576
0.9347368421052631,15.557276042178273
0.9357894736842105,16.26327060442418
0.9368421052631579,13.758940577507019
0.9378947368421052,13.794746547937393
0.9389473684210526,12.833151116967201
0.94,-8.343793481588364
0.9410526315789474,7.889906112104654
0.9421052631578947,3.878978604450822
0.9431578947368421,24.064032807946205
0.9442105263157895,5.417422277852893
0.9452631578947368,5.050549951381981
0.9463157894736842,-13.295138265937567
0.9473684210526315,2.501788044348359
0.9484210526315789,-6.317100863903761
0.9494736842105262,1.9832903118804097
0.9505263157894737,7.0115378350019455
0.9515789473684211,-2.3483151141554117
0.9526315789473684,13.640714447945356
0.9536842105263158,7.685607839375734
0.9547368421052631,9.668363362550735
0.9557894736842105,-0.3020627540536225
0.9568421052631578,10.897799343802035
0.9578947368421052,-5.653520777821541
0.9589473684210527,2.8416264988482
0.96,11.142550949007273
0.9610526315789474,4.269846418872476
0.9621052631578947,3.6973625365644693
0.9631578947368421,-11.362365692853928
0.9642105263157894,11.049788808450103
0.9652631578947368,-11.064094788394868
0.9663157894736842,-3.2319520774763077
0.9673684210526315,9.980822395533323
0.968421052631579,4.524875136092305
0.9694736842105263,8.938999301753938
0.9705263157894737,3.9057746157050133
0.971578947368421,7.69946354907006
0.9726315789473684,15.801628559827805
0.9736842105263158,-3.1828387305140495
0.9747368421052631,-17.158093408681452
0.9757894736842105,-10.10680927336216
0.9768421052631578,-3.4561839681118727
0.9778947368421053,-2.6332937823608518
0.9789473684210526,-18.58685076236725
0.98,-11.665705958381295
0.9810526315789474,-7.542066867463291
0.9821052631578947,-0.8436337048187852
0.9831578947368421,-9.858668933622539
0.9842105263157894,10.531943725422025
0.9852631578947368,2.3549230210483074
0.9863157894736841,11.569683358073235
0.9873684210526316,5.705769129097462
0.988421052631579,-10.11043899692595
0.9894736842105263,5.1797710955142975
0.9905263157894737,9.095699612051249
0.991578947368421,1.401616645976901
0.9926315789473684,-11.855425683781505
0.9936842105263157,14.18414230644703
0.9947368421052631,2.0267992839217186
0.9957894736842106,-9.805250639095902
0.9968421052631579,5.762999005615711
0.9978947368421053,10.383937394246459
0.9989473684210526,-10.9617866165936
1.0,-1.3286757804453373
1.0010526315789474,5.384749157354236
1.0021052631578946,7.377671705558896
1.003157894736842,1.4296355843544006
1.0042105263157894,-13.475570604205132
1.0052631578947369,3.2933819023892283
1.0063157894736843,-27.225639268755913
1.0073684210526315,-3.951545674353838
1.0084210526315789,-7.573046520352364
1.0094736842105263,-12.017229955643415
1.0105263157894737,-1.503770887851715
1.0115789473684211,0.14773434400558472
1.0126315789473683,-5.417727265506983
1.0136842105263157,-2.0762254404835403
1.0147368421052632,2.104282885789871
1.0157894736842106,3.899272322654724
1.0168421052631578,-9.382555283606052
1.0178947368421052,0.21254350803792477
1.0189473684210526,-2.1120126713067293
1.02,-4.56390318274498
1.0210526315789474,-8.18832347355783
1.0221052631578946,-11.781021848320961
1.023157894736842,3.146815899759531
1.0242105263157895,-8.5387092102319
1.0252631578947369,7.0107712261378765
1.0263157894736843,-14.669966794550419
1.0273684210526315,-11.374571237713099
1.028421052631579,-7.821164069697261
1.0294736842105263,-12.69814873021096
1.0305263157894737,-5.367190912365913
1.031578947368421,-2.0460793878883123
1.0326315789473683,-3.235198240727186
1.0336842105263158,-19.43587751686573
1.0347368421052632,9.274973227642477
1.0357894736842106,-7.934456270188093
1.0368421052631578,2.0003892853856087
1.0378947368421052,-5.982997186481953
1.0389473684210526,-7.260131638497114
1.04,-8.884843807667494
1.0410526315789475,-18.084836795926094
1.0421052631578946,-23.77983045205474
1.043157894736842,-8.412174863740802
1.0442105263157895,-9.396732399240136
1.045263157894737,-17.8330048173666
1.046315789473684,-15.827261557802558
1.0473684210526315,-6.96147845685482
1.048421052631579,-13.113955355249345
1.0494736842105263,-13.813519356772304
1.0505263157894738,-0.5224166177213192
1.051578947368421,-13.638781119138002
1.0526315789473684,-20.277643144130707
1.0536842105263158,-5.665938813239336
1.0547368421052632,-21.066459506750107
1.0557894736842106,-19.827927444130182
1.0568421052631578,-10.532674476504326
1.0578947368421052,-18.99901693314314
1.0589473684210526,-15.950512152165174
1.06,-9.11734520085156
1.0610526315789472,-25.296235367655754
1.0621052631578947,-13.164891291409731
1.063157894736842,-23.428818084299564
1.0642105263157895,-11.917365798726678
1.065263157894737,-23.72512850165367
1.066315789473684,-18.343455797061324
1.0673684210526315,-16.26991978287697
1.068421052631579,-9.937182992696762
1.0694736842105264,-26.180260479450226
1.0705263157894738,-14.952162332832813
1.071578947368421,-29.600262351334095
1.0726315789473684,-19.249924199655652
1.0736842105263158,-13.645744988694787
1.0747368421052632,-10.931263213977218
1.0757894736842104,-21.464550249278545
1.0768421052631578,-13.491640351712704
1.0778947368421052,-9.18052801862359
1.0789473684210527,-25.103082820773125
1.08,-18.666628383100033
1.0810526315789473,-23.99013184197247
1.0821052631578947,-22.223135873675346
1.083157894736842,-14.180493101477623
1.0842105263157895,-24.926353693008423
1.0852631578947367,-5.513474952429533
1.0863157894736841,-19.767580347135663
1.0873684210526315,-16.087559770792723
1.088421052631579,-15.287842392921448
1.0894736842105264,-13.08908474072814
1.0905263157894736,-21.26605262607336
1.091578947368421,-25.078023474663496
1.0926315789473684,-12.411017967388034
1.0936842105263158,-12.591283552348614
1.0947368421052632,-25.010791324079037
1.0957894736842104,-7.90844089910388
1.0968421052631578,-16.926332117058337
1.0978947368421053,-11.639021597802639
1.0989473684210527,-24.19120579957962
1.0999999999999999,-24.934764705598354
1.1010526315789473,-19.649692341685295
1.1021052631578947,-16.131907731294632
1.1031578947368421,-28.433961242437363
1.1042105263157895,-19.544817984104156
1.1052631578947367,-23.991261024028063
1.1063157894736841,-20.6871929615736
1.1073684210526316,-9.701016072183847
1.108421052631579,-20.25769354403019
1.1094736842105264,-18.970075450837612
1.1105263157894736,-9.413306089118123
1.111578947368421,-12.968399539589882
1.1126315789473684,-15.29483270458877
1.1136842105263158,-20.217418879270554
1.114736842105263,-25.203370928764343
1.1157894736842104,-14.019154057838023
1.1168421052631579,-11.757184784859419
1.1178947368421053,-12.701650108210742
1.1189473684210527,-14.845895752310753
1.1199999999999999,-2.7042277632281184
1.1210526315789473,-13.049274682998657
1.1221052631578947,-18.359627835452557
1.1231578947368421,-19.551372792571783
1.1242105263157895,-19.341558262705803
1.1252631578947367,-10.111709107179195
1.1263157894736842,-16.113926883786917
1.1273684210526316,-11.660361364483833
1.128421052631579,-12.698858050629497
1.1294736842105262,-12.591717399656773
1.1305263157894736,-7.597896283958107
1.131578947368421,-11.472693309187889
1.1326315789473684,-7.182296121492982
1.1336842105263158,-2.3138595893979073
1.134736842105263,-9.2777862357907
1.1357894736842105,-14.958512261509895
1.1368421052631579,-12.473707377910614
1.1378947368421053,-7.5925434827804565
1.1389473684210527,-11.633457951247692
1.14,-9.502463089302182
1.1410526315789473,-13.7349055968225
1.1421052631578947,-18.97654078900814
1.1431578947368422,-10.630075516179204
1.1442105263157893,-11.084340331144631
1.1452631578947368,-8.571040835231543
1.1463157894736842,-14.724723124876618
1.1473684210526316,-3.0971767604351044
1.148421052631579,-9.501823833212256
1.1494736842105262,-13.48130151629448
1.1505263157894736,-1.0109067633748055
1.151578947368421,-11.136760955676436
1.1526315789473685,-12.483247065916657
1.1536842105263159,-17.075198573991656
1.154736842105263,-16.126309596002102
1.1557894736842105,-12.869339185766876
1.156842105263158,-7.89150996087119
1.1578947368421053,-9.969202199019492
1.1589473684210525,-17.854788346216083
1.16,-15.206255682744086
1.1610526315789473,-14.83928107842803
1.1621052631578948,-17.946381443180144
1.1631578947368422,-17.243490979075432
1.1642105263157894,-16.333812687546015
1.1652631578947368,-16.278645558282733
1.1663157894736842,-18.779649317264557
1.1673684210526316,-15.965900480747223
1.168421052631579,-13.769086122512817
1.1694736842105262,-24.189475148916245
1.1705263157894736,-25.464113833382726
1.171578947368421,-26.546298641711473
1.1726315789473685,-15.226039430126548
1.1736842105263157,-16.268489892594516
1.174736842105263,-23.39452900737524
1.1757894736842105,-29.90429773926735
1.176842105263158,-23.040235307067633
1.1778947368421053,-17.34790889173746
1.1789473684210525,-15.82713707536459
1.18,-19.718341916799545
1.1810526315789474,-22.832197807729244
1.1821052631578948,-23.188416425138712
1.1831578947368422,-17.970479741692543
1.1842105263157894,-31.893228739500046
1.1852631578947368,-32.06313600577414
1.1863157894736842,-27.1524131372571
1.1873684210526316,-14.097327252849936
1.1884210526315788,-25.248618438839912
1.1894736842105262,-27.294895514845848
1.1905263157894737,-21.472992789000273
1.191578947368421,-18.944125525653362
1.1926315789473685,-24.38655723631382
1.1936842105263157,-30.97136625647545
1.194736842105263,-23.75284469127655
1.1957894736842105,-22.28460530936718
1.196842105263158,-30.479095816612244
1.1978947368421053,-32.937051862478256
1.1989473684210525,-24.601426005363464
1.2,-26.828151434659958
1.2010526315789474,-26.90922211110592
1.2021052631578948,-26.18482679128647
1.203157894736842,-22.480928648263216
1.2042105263157894,-31.99431201815605
1.2052631578947368,-32.86275501549244
1.2063157894736842,-37.14420014806092
1.2073684210526316,-28.362979628145695
1.2084210526315788,-27.97097799181938
1.2094736842105263,-25.371390387415886
1.2105263157894737,-29.782017908990383
1.211578947368421,-27.85333751142025
1.2126315789473683,-28.033686108887196
1.2136842105263157,-33.14547023177147
1.2147368421052631,-33.47125709056854
1.2157894736842105,-28.522068701684475
1.216842105263158,-35.42419545352459
1.2178947368421051,-34.03770112991333
1.2189473684210526,-28.57669411599636
1.22,-40.39678940176964
1.2210526315789474,-33.88159587979317
1.2221052631578948,-29.236318305134773
1.223157894736842,-41.525353848934174
1.2242105263157894,-31.841668725013733
1.2252631578947368,-33.119513124227524
1.2263157894736842,-27.587629288434982
1.2273684210526314,-33.1610539406538
1.2284210526315789,-32.97415305674076
1.2294736842105263,-33.424134662374854
1.2305263157894737,-27.436843365430832
1.231578947368421,-33.111858293414116
1.2326315789473683,-34.58542424440384
1.2336842105263157,-33.73923669755459
1.2347368421052631,-36.532593111507595
1.2357894736842105,-29.895371388018248
1.236842105263158,-33.20925693958998
1.2378947368421052,-35.44312298297882
1.2389473684210526,-35.70987582206726
1.24,-34.658310920000076
1.2410526315789474,-35.104542188346386
1.2421052631578946,-38.0554651170969
1.243157894736842,-37.01402898132801
1.2442105263157894,-29.129027046263218
1.2452631578947368,-32.80372928082943
1.2463157894736843,-28.57631902396679
1.2473684210526315,-36.66673332452774
1.2484210526315789,-31.353809356689453
1.2494736842105263,-28.212762221693993
1.2505263157894737,-40.765072859823704
1.2515789473684211,-32.02400418370962
1.2526315789473683,-39.09411546587944
1.2536842105263157,-31.288628548383713
1.2547368421052632,-31.946398980915546
1.2557894736842106,-30.58257159590721
1.2568421052631578,-38.47807049751282
1.2578947368421052,-36.818939005956054
1.2589473684210526,-29.832328356802464
1.26,-34.4316002689302
1.2610526315789474,-33.150724567472935
1.2621052631578946,-31.849535807967186
1.263157894736842,-27.128199249505997
1.2642105263157895,-32.38826900720596
1.2652631578947369,-30.269336137920618
1.2663157894736843,-28.366019874811172
1.2673684210526315,-34.775482065975666
1.268421052631579,-32.26888105273247
1.2694736842105263,-27.657663337886333
1.2705263157894737,-26.791969940066338
1.271578947368421,-26.31305632740259
1.2726315789473683,-35.78929544985294
1.2736842105263158,-48.57287560403347
1.2747368421052632,-26.572260782122612
1.2757894736842106,-26.46055692434311
1.2768421052631578,-30.40986779332161
1.2778947368421052,-39.45737910270691
1.2789473684210526,-29.27649289369583
1.28,-24.453169396147132
1.2810526315789474,-26.452991619706154
1.2821052631578946,-30.690845869481564
1.283157894736842,-26.176388883963227
1.2842105263157895,-30.266548737883568
1.2852631578947369,-30.197568647563457
1.286315789473684,-29.88438454270363
1.2873684210526315,-21.943458139896393
1.288421052631579,-28.791661083698273
1.2894736842105263,-31.190349407494068
1.2905263157894737,-31.06030673161149
1.291578947368421,-30.841000364162028
1.2926315789473684,-36.51355638355017
1.2936842105263158,-31.926853820681572
1.2947368421052632,-28.864705165848136
1.2957894736842106,-31.09566370397806
1.2968421052631578,-28.78976597636938
1.2978947368421052,-30.307891845703125
1.2989473684210526,-28.716102495789528
1.3,-30.724609196186066
1.3010526315789472,-27.684442818164825
1.3021052631578947,-22.308689903467894
1.303157894736842,-23.55701446160674
1.3042105263157895,-27.95231880247593
1.305263157894737,-29.49301783926785
1.306315789473684,-28.324546426534653
1.3073684210526315,-28.343348391354084
1.308421052631579,-34.92956477403641
1.3094736842105263,-27.292380839586258
1.3105263157894738,-36.15252059698105
1.311578947368421,-29.067212462425232
1.3126315789473684,-28.395220674574375
1.3136842105263158,-23.62043060362339
1.3147368421052632,-25.942648611962795
1.3157894736842104,-25.98070228099823
1.3168421052631578,-27.09326058998704
1.3178947368421052,-27.01102614402771
1.3189473684210526,-29.184115186333656
1.32,-21.10089049115777
1.3210526315789473,-30.241100918501616
1.3221052631578947,-24.758419286459684
1.323157894736842,-24.319958239793777
1.3242105263157895,-27.4493520706892
1.325263157894737,-22.571268625557423
1.3263157894736841,-26.10742386430502
1.3273684210526315,-19.756135817617178
1.328421052631579,-24.446486928500235
1.3294736842105264,-27.644708767533302
1.3305263157894736,-14.192640408873558
1.331578947368421,-21.664383690804243
1.3326315789473684,-24.303548127412796
1.3336842105263158,-20.167501244693995
1.3347368421052632,-22.145889051258564
1.3357894736842104,-24.372667402029037
1.3368421052631578,-25.953528858721256
1.3378947368421052,-21.392017722129822
1.3389473684210527,-32.671592712402344
1.34,-18.17960356362164
1.3410526315789473,-17.31704828888178
1.3421052631578947,-24.88152289390564
1.343157894736842,-22.148620903491974
1.3442105263157895,-22.983464064076543
1.3452631578947367,-7.0226056054234505
1.3463157894736841,-16.64467740431428
1.3473684210526315,-17.261138692498207
1.348421052631579,-19.364233180880547
1.3494736842105264,-17.141689769923687
1.3505263157894736,-24.306888818740845
1.351578947368421,-16.979728899896145
1.3526315789473684,-21.41983861476183
1.3536842105263158,-19.24321822077036
1.354736842105263,-21.006100118160248
1.3557894736842104,-15.710845501162112
1.3568421052631578,-12.878485269844532
1.3578947368421053,-18.752462074160576
1.3589473684210527,-16.68079420272261
1.3599999999999999,-20.01143568009138
1.3610526315789473,-16.368873469531536
1.3621052631578947,-16.433230757713318
1.3631578947368421,-17.727618746459484
1.3642105263157895,-17.199777480214834
1.3652631578947367,-13.04745602607727
1.3663157894736842,-14.916854530572891
1.3673684210526316,-9.667584087699652
1.368421052631579,-12.113396663218737
1.3694736842105262,-14.62705134600401
1.3705263157894736,-7.078516839072108
1.371578947368421,-12.150275668129325
1.3726315789473684,-12.281603250652552
1.3736842105263158,-14.399062722921371
1.374736842105263,-14.977163748815656
1.3757894736842105,-13.244147263467312
1.3768421052631579,-13.056824587285519
1.3778947368421053,-5.466568470001221
1.3789473684210527,-9.721559008583426
1.38,-9.584567751735449
1.3810526315789473,-13.002656668424606
1.3821052631578947,-11.203672809526324
1.3831578947368421,-8.657162807881832
1.3842105263157893,-10.902010191231966
1.3852631578947368,-12.837883291766047
1.3863157894736842,-8.488275410607457
1.3873684210526316,-16.07258814200759
1.388421052631579,-3.3955798111855984
1.3894736842105262,-6.128850121051073
1.3905263157894736,-8.724863786250353
1.391578947368421,-6.720909891650081
1.3926315789473684,-0.45398911368101835
1.3936842105263159,-6.919336847960949
1.394736842105263,-2.412835668772459
1.3957894736842105,-5.126273412257433
1.3968421052631579,-8.298038519918919
1.3978947368421053,-8.738690719008446
1.3989473684210525,-8.317042354494333
1.4,-2.684516782872379
1.4010526315789473,-3.015136388130486
1.4021052631578947,-6.731543668545783
1.4031578947368422,-3.824123490601778
1.4042105263157894,-15.989580990746617
1.4052631578947368,-2.6633756831288338
1.4063157894736842,-9.133360840380192
1.4073684210526316,-2.0944913793355227
1.408421052631579,-6.567800983786583
1.4094736842105262,-5.666011303663254
1.4105263157894736,-3.476526841521263
1.411578947368421,-0.6148570701479912
1.4126315789473685,-0.09774773940443993
1.4136842105263157,-2.0436272649094462
1.414736842105263,1.3806628985330462
1.4157894736842105,-0.9497039150446653
1.416842105263158,-0.5360279306769371
1.4178947368421053,-3.0534580275416374
1.4189473684210525,-1.6797969155013561
1.42,-0.2544745821505785
1.4210526315789473,7.06145210750401
1.4221052631578948,-7.078550796024501
1.4231578947368422,1.6769191771745682
1.4242105263157894,2.279892960563302
1.4252631578947368,-6.588420171290636
1.4263157894736842,-3.613461844623089
1.4273684210526316,-0.4565918743610382
1.4284210526315788,2.8665363863110542
1.4294736842105262,2.3305155243724585
1.4305263157894736,3.737077647820115
1.431578947368421,4.23397594736889
1.4326315789473685,3.716148603707552
1.4336842105263157,-1.5459364894777536
1.434736842105263,2.7867026161402464
1.4357894736842105,-1.0552820786833763
1.436842105263158,-3.49658977240324
1.4378947368421053,1.7200231030583382
1.4389473684210525,0.5011492129415274
1.44,-2.8220163732767105
1.4410526315789474,0.6321843210607767
1.4421052631578948,8.04155769199133
1.443157894736842,-4.461291037499905
1.4442105263157894,-2.8552132211625576
1.4452631578947368,12.521592449396849
1.4463157894736842,13.18078762339428
1.4473684210526316,2.8146276883780956
1.4484210526315788,3.557169582694769
1.4494736842105262,4.84940836392343
1.4505263157894737,-3.073571494780481
1.451578947368421,11.670955838635564
1.4526315789473685,5.593682155013084
1.4536842105263157,2.8367520421743393
1.454736842105263,9.569442927837372
1.4557894736842105,7.644582659006119
1.456842105263158,4.5268198400735855
1.4578947368421051,-1.835459802299738
1.4589473684210525,5.193646360188723
1.46,4.705981137230992
1.4610526315789474,4.87131005525589
1.4621052631578948,7.803267378360033
1.463157894736842,7.116484258323908
1.4642105263157894,-3.810601584613323
1.4652631578947368,4.5366864539682865
1.4663157894736842,0.6558751258999109
1.4673684210526317,9.589995936490595
1.4684210526315788,3.1115911407396197
1.4694736842105263,5.998875514604151
1.4705263157894737,1.2794102961197495
1.471578947368421,4.994716728571802
1.4726315789473683,6.280371002852917
1.4736842105263157,2.538924928754568
1.4747368421052631,6.781962551176548
1.4757894736842105,2.701703148894012
1.476842105263158,8.605653431266546
1.4778947368421052,5.98446361720562
1.4789473684210526,3.2857557013630867
1.48,9.387612786144018
1.4810526315789474,4.196880765259266
1.4821052631578948,6.356879994273186
1.483157894736842,11.029547214508057
1.4842105263157894,4.674561679363251
1.4852631578947368,15.153910554945469
1.4863157894736843,1.156465470790863
1.4873684210526315,7.930312592536211
1.4884210526315789,3.6607227306813
1.4894736842105263,8.158993806689978
1.4905263157894737,5.961650688201189
1.4915789473684211,6.67015552893281
1.4926315789473683,11.334718573838472
1.4936842105263157,8.897101365961134
1.4947368421052631,9.04106649570167
1.4957894736842106,6.043511367402971
1.4968421052631578,8.633891008794308
1.4978947368421052,7.8470550291240215
1.4989473684210526,9.439933255314827
1.5,7.865002829581499
1.5010526315789474,11.662672079633921
1.5021052631578946,8.77898136805743
1.503157894736842,6.035576671361923
1.5042105263157894,-1.7432879284024239
1.5052631578947369,4.604019792750478
1.5063157894736843,8.337977020069957
1.5073684210526315,3.219103959389031
1.5084210526315789,9.743577502667904
1.5094736842105263,5.338173655793071
1.5105263157894737,9.838770323432982
1.511578947368421,8.473642397671938
1.5126315789473683,11.193999074399471
1.5136842105263157,9.241516010835767
1.5147368421052632,9.350366599857807
1.5157894736842106,6.182464455196168
1.5168421052631578,9.094844264909625
1.5178947368421052,0.4128562230616808
1.5189473684210526,10.232791505753994
1.52,6.767458081245422
1.5210526315789474,9.734904874116182
1.5221052631578946,12.339691457804292
1.523157894736842,7.041949104517698
1.5242105263157895,10.136961970478296
1.5252631578947369,10.457882377319038
1.526315789473684,10.209417007863522
1.5273684210526315,6.230443362146616
1.528421052631579,11.091394811868668
1.5294736842105263,9.189997082576156
1.5305263157894737,8.93089154921472
1.531578947368421,8.744533281773329
1.5326315789473683,19.12072902545333
1.5336842105263158,11.383163649588823
1.5347368421052632,13.22480297461152
1.5357894736842106,11.960078129544854
1.5368421052631578,11.135800445452332
1.5378947368421052,16.303618647158146
1.5389473684210526,13.563599951565266
1.54,11.663293238729239
1.5410526315789472,11.243090357631445
1.5421052631578946,10.187141652218997
1.543157894736842,12.694173496216536
1.5442105263157895,15.698790380265564
1.545263157894737,12.729081459343433
1.546315789473684,4.6697953920811415
1.5473684210526315,15.324403928592801
1.548421052631579,11.547979844734073
1.5494736842105263,14.468217473477125
1.5505263157894738,8.995990817435086
1.551578947368421,4.937156589701772
1.5526315789473684,13.923348056152463
1.5536842105263158,12.896199883893132
1.5547368421052632,11.457173820585012
1.5557894736842104,3.6338227428495884
1.5568421052631578,13.016210373491049
1.5578947368421052,13.539960419293493
1.5589473684210526,10.084845342673361
1.56,7.077123563736677
1.5610526315789472,10.187889570370317
1.5621052631578947,7.651041652075946
1.563157894736842,11.441238477826118
1.5642105263157895,11.18180687353015
1.565263157894737,9.36859033536166
1.566315789473684,14.013819105923176
1.5673684210526315,4.191710364073515
1.568421052631579,9.704506374895573
1.5694736842105264,14.773819729685783
1.5705263157894735,6.9493960458785295
1.571578947368421,9.577501229941845
1.5726315789473684,13.070719338953495
1.5736842105263158,16.831008698791265
1.5747368421052632,8.855516888201237
1.5757894736842104,12.914506515488029
1.5768421052631578,7.121910546906292
1.5778947368421052,12.289779853075743
1.5789473684210527,1.1761172637343407
1.58,6.083409912884235
1.5810526315789473,9.395805772393942
1.5821052631578947,13.993717968463898
1.583157894736842,11.956123154610395
1.5842105263157895,5.039860846474767
1.5852631578947367,5.867360174655914
1.5863157894736841,10.143063846975565
1.5873684210526315,9.058712154626846
1.588421052631579,15.756086241453886
1.5894736842105264,10.06567358225584
1.5905263157894736,7.336330616846681
1.591578947368421,14.054293304681778
1.5926315789473684,6.13915730221197
1.5936842105263158,10.359090535435826
1.5947368421052632,7.764073606580496
1.5957894736842104,7.801071710884571
1.5968421052631578,11.360857471823692
1.5978947368421053,17.363138772547245
1.5989473684210527,9.703999884426594
1.5999999999999999,13.23292026296258
1.6010526315789473,8.198414913378656
1.6021052631578947,10.5574522735551
1.6031578947368421,12.681264892220497
1.6042105263157895,9.128207065165043
1.6052631578947367,3.711686512455344
1.6063157894736841,13.531666956841946
1.6073684210526316,7.955396458506584
1.608421052631579,7.831511480733752
1.6094736842105264,8.671316109597683
1.6105263157894736,15.300471108406782
1.611578947368421,14.621260307729244
1.6126315789473684,10.630197888240218
1.6136842105263158,9.517018258571625
1.614736842105263,2.2491448633372784
1.6157894736842104,6.78901856765151
1.6168421052631579,9.366790995001793
1.6178947368421053,8.956885995343328
1.6189473684210527,13.660542741417885
1.6199999999999999,9.547802642628085
1.6210526315789473,7.195583582855761
1.6221052631578947,9.284554805606604
1.6231578947368421,10.726994194090366
1.6242105263157893,11.375318421982229
1.6252631578947367,12.92883387580514
1.6263157894736842,9.612026907503605
1.6273684210526316,5.842762704589404
1.628421052631579,10.570745317265391
1.6294736842105262,9.162068668752909
1.6305263157894736,6.51225742790848
1.631578947368421,14.42088563926518
1.6326315789473684,11.487935159355402
1.6336842105263158,12.30311257764697
1.634736842105263,4.402295024134219
1.6357894736842105,5.774846263229847
1.6368421052631579,7.28333690110594
1.6378947368421053,11.666640043258667
1.6389473684210525,9.060289496555924
1.64,8.832559585571289
1.6410526315789473,9.484835647046566
1.6421052631578947,14.216271696612239
1.6431578947368422,11.870855152606964
1.6442105263157893,5.789201207458973
1.6452631578947368,6.420724844560027
1.6463157894736842,4.584325358271599
1.6473684210526316,3.0951380226761103
1.648421052631579,4.498461551964283
1.6494736842105262,6.118116524070501
1.6505263157894736,6.793284482322633
1.651578947368421,7.525985965505242
1.6526315789473685,11.897730942815542
1.6536842105263156,7.538669187575579
1.654736842105263,2.4053288251161575
1.6557894736842105,9.321017252281308
1.656842105263158,6.659231178462505
1.6578947368421053,6.523434776812792
1.6589473684210525,5.626165371621028
1.66,7.961434309370816
1.6610526315789473,5.812497730134055
1.6621052631578948,9.324147321283817
1.6631578947368422,8.995804943144321
1.6642105263157894,4.917493157088757
1.6652631578947368,7.211574936285615
1.6663157894736842,17.552336111664772
1.6673684210526316,5.680581450462341
1.6684210526315788,10.636098481714725
1.6694736842105262,11.480157847050577
1.6705263157894736,9.70772943412885
1.671578947368421,6.466722320765257
1.6726315789473685,9.335709685459733
1.6736842105263157,8.00553510338068
1.674736842105263,7.686527580022812
1.6757894736842105,10.11582676321268
1.676842105263158,10.038804680109024
1.6778947368421053,7.824223846197128
1.6789473684210525,4.727360819466412
1.68,4.794343169778585
1.6810526315789474,11.364638350903988
1.6821052631578948,6.075183197855949
1.683157894736842,5.906678621657193
1.6842105263157894,5.488358970731497
1.6852631578947368,5.869976814836264
1.6863157894736842,7.723350062966347
1.6873684210526316,8.577558981720358
1.6884210526315788,4.0633133463561535
1.6894736842105262,7.287020601332188
1.6905263157894737,3.986297620460391
1.691578947368421,5.964174214750528
1.6926315789473685,-1.527143370360136
1.6936842105263157,3.1606097370386124
1.694736842105263,5.364243663847446
1.6957894736842105,1.087833322584629
1.696842105263158,4.611882507801056
1.6978947368421051,6.025280683301389
1.6989473684210525,7.503384996205568
1.7,3.694371677003801
1.7010526315789474,6.0519131906330585
1.7021052631578948,3.897148151881993
1.703157894736842,0.43151565454900265
1.7042105263157894,8.202162509784102
1.7052631578947368,3.1162594091147184
1.7063157894736842,-0.8364660292863846
1.7073684210526316,1.7529830411076546
1.7084210526315788,5.654202107340097
1.7094736842105263,5.643891257699579
1.7105263157894737,8.978849271661602
1.711578947368421,3.427631851285696
1.7126315789473683,1.0019420329481363
1.7136842105263157,-0.34421826526522636
1.7147368421052631,0.35297679528594017
1.7157894736842105,3.1670141108334064
1.716842105263158,2.408967100083828
1.7178947368421051,4.403685815632343
1.7189473684210526,2.4545999579131603
1.72,6.945071467664093
1.7210526315789474,2.1344904210418463
1.7221052631578948,7.854481548070908
1.723157894736842,0.3480364338029176
1.7242105263157894,4.346557442098856
1.7252631578947368,6.19760662689805
1.7263157894736842,5.32795344479382
1.7273684210526314,4.786275040358305
1.7284210526315789,8.587501898407936
1.7294736842105263,6.378282820805907
1.7305263157894737,4.110849618911743
1.731578947368421,5.161074543371797
1.7326315789473683,1.3277534991502762
1.7336842105263157,3.965305680409074
1.7347368421052631,2.7034773528575897
1.7357894736842105,6.091163153760135
1.736842105263158,3.9837076794356108
1.7378947368421052,2.246591452509165
1.7389473684210526,6.470439908094704
1.74,5.601463626138866
1.7410526315789474,4.072718910872936
1.7421052631578946,-2.694230606779456
1.743157894736842,3.8973051346838474
1.7442105263157894,2.61838274076581
1.7452631578947368,2.3144764117896557
1.7463157894736843,7.956766717135906
1.7473684210526315,4.056127422489226
1.7484210526315789,4.402421411126852
1.7494736842105263,0.5458052102476358
1.7505263157894737,1.1187715120613575
1.751578947368421,2.6303021404892206
1.7526315789473683,4.060105018317699
1.7536842105263157,4.379516337066889
1.7547368421052632,3.4146528467535973
1.7557894736842106,0.2032878678292036
1.7568421052631578,0.7599220769479871
1.7578947368421052,1.5166077334433794
1.7589473684210526,2.293703868985176
1.76,2.3332169661298394
1.7610526315789474,3.803623099811375
1.7621052631578946,-3.198345090262592
1.763157894736842,-1.244670120999217
1.7642105263157895,3.653761951252818
1.7652631578947369,1.0751713179051876
1.766315789473684,3.998937364667654
1.7673684210526315,0.774382745847106
1.768421052631579,0.8990765148773789
1.7694736842105263,2.286382431164384
1.7705263157894737,-2.048511838540435
1.771578947368421,2.4078670935705304
1.7726315789473683,5.193044267594814
1.7736842105263158,-4.6266667656600475
1.7747368421052632,-1.5018706489354372
1.7757894736842106,0.951105335727334
1.7768421052631578,5.146513931453228
1.7778947368421052,2.0956788326147944
1.7789473684210526,-3.8618829287588596
1.78,-0.10487959906458855
1.7810526315789472,4.000104006379843
1.7821052631578946,-0.5507670976221561
1.783157894736842,1.070670599117875
1.7842105263157895,-1.3582164868712425
1.7852631578947369,0.2695281896740198
1.786315789473684,-1.601544251665473
1.7873684210526315,-1.2992710545659065
1.788421052631579,-4.215038441121578
1.7894736842105263,-0.011526631191372871
1.7905263157894737,-0.6673420462757349
1.791578947368421,0.9441081658005714
1.7926315789473684,-0.12128385901451111
1.7936842105263158,-7.051241708919406
1.7947368421052632,-3.0727852527052164
1.7957894736842104,-2.7906352132558823
1.7968421052631578,0.16338477563112974
1.7978947368421052,-1.9403327507898211
1.7989473684210526,0.28775875084102154
1.8,-1.4033531355671585
1.8010526315789472,-5.107636543922126
1.8021052631578947,1.468950904905796
1.803157894736842,-2.9312965171411633
1.8042105263157895,-4.6230837954208255
1.805263157894737,1.1514617782086134
1.806315789473684,-0.3617103882133961
1.8073684210526315,-5.591245453804731
1.808421052631579,-4.258784230798483
1.8094736842105263,-6.607466459274292
1.8105263157894735,-5.442230077460408
1.811578947368421,-3.6176139153540134
1.8126315789473684,-1.6362021081149578
1.8136842105263158,-7.2173778899014
1.8147368421052632,-5.943184811621904
1.8157894736842104,-4.350766781717539
1.8168421052631578,-7.538873633369803
1.8178947368421052,-4.638882735744119
1.8189473684210526,-0.5858440727461129
1.82,-4.858480202034116
1.8210526315789473,-6.186546088196337
1.8221052631578947,-2.9794709403067827
1.823157894736842,-1.3925645826384425
1.8242105263157895,-4.516696482896805
1.8252631578947367,-5.868023965507746
1.8263157894736841,-4.127432148903608
1.8273684210526315,-7.27730911411345
1.828421052631579,-1.328616727143526
1.8294736842105264,-3.165796462446451
1.8305263157894736,-5.017648817971349
1.831578947368421,-4.987411605194211
1.8326315789473684,-5.6703651044517756
1.8336842105263158,-4.657642416656017
1.8347368421052632,-7.538243152201176
1.8357894736842104,-3.2026116475462914
1.8368421052631578,-5.456986011937261
1.8378947368421052,-10.288654439151287
1.8389473684210527,-6.681034978013486
1.8399999999999999,-5.357644513249397
1.8410526315789473,-4.538557771593332
1.8421052631578947,-4.408821068704128
1.843157894736842,-4.844511857256293
1.8442105263157895,-11.334441761486232
1.8452631578947367,-3.92864569183439
1.8463157894736841,-7.604971177875996
1.8473684210526315,-6.397308364510536
1.848421052631579,0.42576715536415577
1.8494736842105264,-4.039176132529974
1.8505263157894736,-5.176295178942382
1.851578947368421,-7.438910076394677
1.8526315789473684,-2.636780522763729
1.8536842105263158,-5.064345432445407
1.854736842105263,-9.04577702935785
1.8557894736842104,-8.141418242827058
1.8568421052631578,-5.0255027413368225
1.8578947368421053,-6.594416509382427
1.8589473684210527,-8.406303063035011
1.8599999999999999,-16.4367155469954
1.8610526315789473,-4.529782196506858
1.8621052631578947,-7.656840926036239
1.8631578947368421,-9.32313035801053
1.8642105263157895,-11.293606935068965
1.8652631578947367,-11.344741298817098
1.8663157894736842,-13.722396429162472
1.8673684210526316,-8.666854850016534
1.868421052631579,-6.491976999677718
1.8694736842105262,-8.761156337335706
1.8705263157894736,-5.454630712978542
1.871578947368421,-6.62682107463479
1.8726315789473684,-11.121980778872967
1.8736842105263158,-9.834340147674084
1.874736842105263,-13.295409014448524
1.8757894736842105,-5.86533435061574
1.8768421052631579,-6.807064534164965
1.8778947368421053,-4.79073965549469
1.8789473684210527,-13.223241802304983
1.88,-4.727927314117551
1.8810526315789473,-12.993540748022497
1.8821052631578947,-8.501750346273184
1.8831578947368421,-6.77334576100111
1.8842105263157893,-11.640074654947966
1.8852631578947368,-12.105921383947134
1.8863157894736842,-7.868367563933134
1.8873684210526316,-4.7672108127735555
1.888421052631579,-11.21051586046815
1.8894736842105262,-6.804177764803171
1.8905263157894736,-12.370549399405718
1.891578947368421,-6.00559550896287
1.8926315789473684,-7.5278777703642845
1.8936842105263156,-12.035566046833992
1.894736842105263,-11.644252443686128
1.8957894736842105,-8.63075097464025
1.8968421052631579,-9.97414779663086
1.8978947368421053,-11.232703152112663
1.8989473684210525,-8.24802043940872
1.9,-10.986051454208791
1.9010526315789473,-13.185095508117229
1.9021052631578947,-10.83079258352518
1.9031578947368422,-15.283804081380367
1.9042105263157894,-12.538487194105983
1.9052631578947368,-17.029534447938204
1.9063157894736842,-8.825916088186204
1.9073684210526316,-13.63823887705803
1.9084210526315788,-11.17407205607742
1.9094736842105262,-11.425341367721558
1.9105263157894736,-9.747802281752229
1.911578947368421,-13.69071589736268
1.9126315789473685,-6.71644748095423
1.9136842105263157,-6.7938216254115105
1.914736842105263,-14.220663275569677
1.9157894736842105,-14.55984516069293
1.916842105263158,-15.302645780146122
1.9178947368421053,-10.729903437197208
1.9189473684210525,-12.680785827338696
1.92,-13.817694015800953
1.9210526315789473,-14.808400793001056
1.9221052631578948,-10.987107133492827
1.923157894736842,-9.40560133010149
1.9242105263157894,-15.224694594740868
1.9252631578947368,-12.348386704921722
1.9263157894736842,-8.59226195141673
1.9273684210526316,-11.787214552983642
1.9284210526315788,-11.275004543364048
1.9294736842105262,-13.827259737998247
1.9305263157894736,-16.337738871574402
1.931578947368421,-9.527257723733783
1.9326315789473685,-11.349009804427624
1.9336842105263157,-12.279594438150525
1.934736842105263,-12.004926316440105
1.9357894736842105,-15.738160097971559
1.936842105263158,-14.94830846786499
1.9378947368421051,-11.557553268969059
1.9389473684210525,-12.10771248396486
1.94,-19.197788767516613
1.9410526315789474,-13.578943291679025
1.9421052631578948,-11.208927549421787
1.943157894736842,-14.214248940348625
1.9442105263157894,-10.749636746942997
1.9452631578947368,-15.893121045082808
1.9463157894736842,-14.127748101949692
1.9473684210526316,-12.095391117036343
1.9484210526315788,-11.97260719910264
1.9494736842105262,-17.197889894247055
1.9505263157894737,-13.87467385455966
1.951578947368421,-18.279859259724617
1.9526315789473683,-14.039820777252316
1.9536842105263157,-16.977862641215324
1.954736842105263,-18.09347939491272
1.9557894736842105,-15.978911228477955
1.956842105263158,-16.51009249687195
1.9578947368421051,-8.667927304282784
1.9589473684210525,-15.60860900208354
1.96,-15.365874256938696
1.9610526315789474,-12.912989019416273
1.9621052631578948,-18.11625885218382
1.963157894736842,-12.786426912993193
1.9642105263157894,-13.968937087804079
1.9652631578947368,-18.92748062312603
1.9663157894736842,-16.46540892124176
1.9673684210526314,-11.803614747710526
1.9684210526315788,-16.984661960974336
1.9694736842105263,-15.349359676241875
1.9705263157894737,-14.736157146748155
1.971578947368421,-13.268427785485983
1.9726315789473683,-20.025914266705513
1.9736842105263157,-14.689813559874892
1.9747368421052631,-12.30167810805142
1.9757894736842105,-13.385448230430484
1.976842105263158,-16.64311297982931
1.9778947368421052,-14.92986295814626
1.9789473684210526,-19.68555080331862
1.98,-14.587952267378569
1.9810526315789474,-17.870263028889894
1.9821052631578946,-15.59571149200201
1.983157894736842,-13.020827703177929
1.9842105263157894,-17.558484106324613
1.9852631578947368,-15.715590745210648
1.9863157894736843,-13.417657711543143
1.9873684210526315,-16.56107466854155
1.9884210526315789,-20.59269703179598
1.9894736842105263,-14.44200901594013
1.9905263157894737,-19.435038404539227
1.9915789473684211,-16.100431114435196
1.9926315789473683,-15.152380973100662
1.9936842105263157,-18.367168352007866
1.9947368421052631,-14.255857352167368
1.9957894736842106,-20.297056577168405
1.9968421052631578,-17.990996688604355
1.9978947368421052,-17.258262052200735
1.9989473684210526,-11.082603469491005
2.0,-15.312415987253189
